transformer_id,reading_timestamp,input_energy_kwh,measured_energy_kwh,loss_kwh,loss_percent,expected_readings,received_readings,reading_availability_percent
TR-01-01,2026-01-01 00:00:00,28.5193,25.7038,2.8155,9.8723,12,12,100.0
TR-01-01,2026-01-01 01:00:00,27.4178,17.7845,9.6333,35.1352,12,11,91.6667
TR-01-01,2026-01-01 02:00:00,24.7951,19.7385,5.0566,20.3935,12,11,91.6667
TR-01-01,2026-01-01 03:00:00,27.6796,23.9624,3.7172,13.4294,12,12,100.0
TR-01-01,2026-01-01 04:00:00,26.1285,24.4658,1.6627,6.3635,12,12,100.0
TR-01-01,2026-01-01 05:00:00,27.3786,22.8454,4.5332,16.5575,12,12,100.0
TR-01-01,2026-01-01 06:00:00,47.029,41.6595,5.3695,11.4174,12,11,91.6667
TR-01-01,2026-01-01 07:00:00,50.991,43.6004,7.3906,14.4939,12,12,100.0
TR-01-01,2026-01-01 08:00:00,49.8736,43.1528,6.7208,13.4757,12,12,100.0
TR-01-01,2026-01-01 09:00:00,53.6147,49.3043,4.3104,8.0396,12,12,100.0
TR-01-01,2026-01-01 10:00:00,65.0481,49.469,15.5791,23.9501,12,11,91.6667
TR-01-01,2026-01-01 11:00:00,56.9222,53.5248,3.3974,5.9685,12,12,100.0
TR-01-01,2026-01-01 12:00:00,51.6143,45.2538,6.3605,12.3231,12,11,91.6667
TR-01-01,2026-01-01 13:00:00,62.997,53.7977,9.1993,14.6028,12,12,100.0
TR-01-01,2026-01-01 14:00:00,56.9505,50.4832,6.4673,11.356,12,12,100.0
TR-01-01,2026-01-01 15:00:00,55.4429,52.2978,3.1451,5.6727,12,12,100.0
TR-01-01,2026-01-01 16:00:00,59.501,53.9531,5.5479,9.324,12,12,100.0
TR-01-01,2026-01-01 17:00:00,61.3238,52.5581,8.7657,14.2941,12,12,100.0
TR-01-01,2026-01-01 18:00:00,73.736,68.4842,5.2518,7.1224,12,12,100.0
TR-01-01,2026-01-01 19:00:00,75.5242,70.5853,4.9389,6.5395,12,12,100.0
TR-01-01,2026-01-01 20:00:00,80.6758,75.7814,4.8944,6.0668,12,12,100.0
TR-01-01,2026-01-01 21:00:00,79.133,66.4399,12.6931,16.0402,12,12,100.0
TR-01-01,2026-01-01 22:00:00,83.833,55.9154,27.9176,33.3014,12,11,91.6667
TR-01-01,2026-01-01 23:00:00,42.6796,34.6487,8.0309,18.8167,12,12,100.0
TR-01-01,2026-01-02 00:00:00,25.5204,18.3778,7.1426,27.9878,12,12,100.0
TR-01-01,2026-01-02 01:00:00,27.289,18.087,9.202,33.7205,12,11,91.6667
TR-01-01,2026-01-02 02:00:00,27.4674,23.33,4.1374,15.0629,12,12,100.0
TR-01-01,2026-01-02 03:00:00,28.2186,25.3824,2.8362,10.0508,12,12,100.0
TR-01-01,2026-01-02 04:00:00,28.1132,24.6111,3.5021,12.4571,12,12,100.0
TR-01-01,2026-01-02 05:00:00,28.0268,20.0586,7.9682,28.4306,12,11,91.6667
TR-01-01,2026-01-02 06:00:00,46.5699,41.365,5.2049,11.1765,12,12,100.0
TR-01-01,2026-01-02 07:00:00,51.3604,42.8597,8.5007,16.5511,12,12,100.0
TR-01-01,2026-01-02 08:00:00,51.0038,45.5491,5.4547,10.6947,12,12,100.0
TR-01-01,2026-01-02 09:00:00,53.4268,49.6875,3.7393,6.9989,12,11,91.6667
TR-01-01,2026-01-02 10:00:00,54.7651,40.6174,14.1477,25.8334,12,11,91.6667
TR-01-01,2026-01-02 11:00:00,55.6478,52.4,3.2478,5.8363,12,12,100.0
TR-01-01,2026-01-02 12:00:00,61.0675,51.6991,9.3684,15.3411,12,12,100.0
TR-01-01,2026-01-02 13:00:00,62.7637,54.9702,7.7935,12.4172,12,12,100.0
TR-01-01,2026-01-02 14:00:00,56.4695,47.3197,9.1498,16.2031,12,11,91.6667
TR-01-01,2026-01-02 15:00:00,59.3493,48.3051,11.0442,18.6088,12,11,91.6667
TR-01-01,2026-01-02 16:00:00,67.5758,56.5826,10.9932,16.268,12,12,100.0
TR-01-01,2026-01-02 17:00:00,62.3997,55.7447,6.655,10.6651,12,12,100.0
TR-01-01,2026-01-02 18:00:00,77.2105,67.4449,9.7656,12.648,12,12,100.0
TR-01-01,2026-01-02 19:00:00,75.4837,67.7487,7.735,10.2472,12,12,100.0
TR-01-01,2026-01-02 20:00:00,80.9197,71.9973,8.9224,11.0262,12,12,100.0
TR-01-01,2026-01-02 21:00:00,81.8462,73.2004,8.6458,10.5635,12,12,100.0
TR-01-01,2026-01-02 22:00:00,79.5743,57.1723,22.402,28.1523,12,11,91.6667
TR-01-01,2026-01-02 23:00:00,41.2322,36.8272,4.405,10.6834,12,11,91.6667
TR-01-01,2026-01-03 00:00:00,23.3898,21.948,1.4418,6.1642,12,12,100.0
TR-01-01,2026-01-03 01:00:00,22.811,21.1155,1.6955,7.4328,12,12,100.0
TR-01-01,2026-01-03 02:00:00,25.0309,21.4615,3.5694,14.26,12,12,100.0
TR-01-01,2026-01-03 03:00:00,23.5274,18.4052,5.1222,21.7712,12,10,83.3333
TR-01-01,2026-01-03 04:00:00,25.9591,22.8702,3.0889,11.8991,12,12,100.0
TR-01-01,2026-01-03 05:00:00,22.6621,21.1217,1.5404,6.7973,12,12,100.0
TR-01-01,2026-01-03 06:00:00,44.699,39.8271,4.8719,10.8993,12,12,100.0
TR-01-01,2026-01-03 07:00:00,43.1507,41.1771,1.9736,4.5737,12,12,100.0
TR-01-01,2026-01-03 08:00:00,48.8212,35.3802,13.441,27.5311,12,11,91.6667
TR-01-01,2026-01-03 09:00:00,50.2685,43.8408,6.4277,12.7867,12,11,91.6667
TR-01-01,2026-01-03 10:00:00,59.6766,50.429,9.2476,15.4962,12,12,100.0
TR-01-01,2026-01-03 11:00:00,56.938,46.8171,10.1209,17.7753,12,12,100.0
TR-01-01,2026-01-03 12:00:00,54.1582,49.4157,4.7425,8.7568,12,12,100.0
TR-01-01,2026-01-03 13:00:00,52.0538,45.8733,6.1805,11.8733,12,12,100.0
TR-01-01,2026-01-03 14:00:00,49.547,45.9684,3.5786,7.2226,12,12,100.0
TR-01-01,2026-01-03 15:00:00,57.3735,49.9739,7.3996,12.8972,12,12,100.0
TR-01-01,2026-01-03 16:00:00,57.6283,47.7014,9.9269,17.2257,12,12,100.0
TR-01-01,2026-01-03 17:00:00,52.7229,29.7579,22.965,43.5579,12,9,75.0
TR-01-01,2026-01-03 18:00:00,72.4523,69.1504,3.3019,4.5573,12,12,100.0
TR-01-01,2026-01-03 19:00:00,73.7834,63.5665,10.2169,13.8472,12,12,100.0
TR-01-01,2026-01-03 20:00:00,75.7851,63.5252,12.2599,16.1772,12,12,100.0
TR-01-01,2026-01-03 21:00:00,76.9847,63.3074,13.6773,17.7663,12,12,100.0
TR-01-01,2026-01-03 22:00:00,78.302,66.0266,12.2754,15.677,12,12,100.0
TR-01-01,2026-01-03 23:00:00,39.4588,36.9074,2.5514,6.466,12,11,91.6667
TR-01-01,2026-01-04 00:00:00,23.2626,20.5701,2.6925,11.5744,12,12,100.0
TR-01-01,2026-01-04 01:00:00,23.0858,19.3204,3.7654,16.3105,12,12,100.0
TR-01-01,2026-01-04 02:00:00,24.8999,20.8439,4.056,16.2892,12,12,100.0
TR-01-01,2026-01-04 03:00:00,24.6199,21.5816,3.0383,12.3408,12,11,91.6667
TR-01-01,2026-01-04 04:00:00,23.5183,21.4033,2.115,8.993,12,12,100.0
TR-01-01,2026-01-04 05:00:00,26.4185,23.3353,3.0832,11.6706,12,12,100.0
TR-01-01,2026-01-04 06:00:00,43.641,39.7495,3.8915,8.9171,12,11,91.6667
TR-01-01,2026-01-04 07:00:00,49.1027,36.8005,12.3022,25.054,12,12,100.0
TR-01-01,2026-01-04 08:00:00,47.5008,32.3938,15.107,31.8037,12,11,91.6667
TR-01-01,2026-01-04 09:00:00,49.8927,47.5575,2.3352,4.6804,12,12,100.0
TR-01-01,2026-01-04 10:00:00,60.7814,49.921,10.8604,17.868,12,12,100.0
TR-01-01,2026-01-04 11:00:00,58.2903,64.3737,-6.0834,-10.4364,12,12,100.0
TR-01-01,2026-01-04 12:00:00,51.7335,47.7242,4.0093,7.7499,12,12,100.0
TR-01-01,2026-01-04 13:00:00,51.6548,42.6356,9.0192,17.4605,12,11,91.6667
TR-01-01,2026-01-04 14:00:00,60.4522,50.8688,9.5834,15.8529,12,12,100.0
TR-01-01,2026-01-04 15:00:00,55.2896,47.6455,7.6441,13.8256,12,12,100.0
TR-01-01,2026-01-04 16:00:00,50.5375,46.0173,4.5202,8.9442,12,12,100.0
TR-01-01,2026-01-04 17:00:00,60.6272,48.7694,11.8578,19.5585,12,10,83.3333
TR-01-01,2026-01-04 18:00:00,78.4774,65.6112,12.8662,16.3948,12,12,100.0
TR-01-01,2026-01-04 19:00:00,72.3493,63.9693,8.38,11.5827,12,12,100.0
TR-01-01,2026-01-04 20:00:00,74.6156,62.4064,12.2092,16.3628,12,12,100.0
TR-01-01,2026-01-04 21:00:00,78.0407,65.2727,12.768,16.3607,12,12,100.0
TR-01-01,2026-01-04 22:00:00,71.7736,64.1172,7.6564,10.6674,12,12,100.0
TR-01-01,2026-01-04 23:00:00,36.5908,33.2256,3.3652,9.1968,12,12,100.0
TR-01-01,2026-01-05 00:00:00,24.9911,22.9219,2.0692,8.2797,12,12,100.0
TR-01-01,2026-01-05 01:00:00,29.2528,17.8252,11.4276,39.065,12,10,83.3333
TR-01-01,2026-01-05 02:00:00,29.4943,24.9619,4.5324,15.367,12,12,100.0
TR-01-01,2026-01-05 03:00:00,28.422,24.6267,3.7953,13.3534,12,12,100.0
TR-01-01,2026-01-05 04:00:00,27.7249,20.4049,7.32,26.4023,12,11,91.6667
TR-01-01,2026-01-05 05:00:00,25.9997,21.4008,4.5989,17.6883,12,11,91.6667
TR-01-01,2026-01-05 06:00:00,48.0997,45.5971,2.5026,5.2029,12,12,100.0
TR-01-01,2026-01-05 07:00:00,46.0194,42.7043,3.3151,7.2037,12,12,100.0
TR-01-01,2026-01-05 08:00:00,46.4298,44.5121,1.9177,4.1303,12,12,100.0
TR-01-01,2026-01-05 09:00:00,56.8915,53.8658,3.0257,5.3184,12,12,100.0
TR-01-01,2026-01-05 10:00:00,65.4882,56.4807,9.0075,13.7544,12,12,100.0
TR-01-01,2026-01-05 11:00:00,55.6029,46.7664,8.8365,15.8922,12,11,91.6667
TR-01-01,2026-01-05 12:00:00,55.5889,50.4923,5.0966,9.1684,12,11,91.6667
TR-01-01,2026-01-05 13:00:00,53.0704,45.8904,7.18,13.5292,12,12,100.0
TR-01-01,2026-01-05 14:00:00,61.528,39.9932,21.5348,35.0,12,11,91.6667
TR-01-01,2026-01-05 15:00:00,59.1376,43.8745,15.2631,25.8095,12,11,91.6667
TR-01-01,2026-01-05 16:00:00,59.4599,54.4041,5.0558,8.5029,12,12,100.0
TR-01-01,2026-01-05 17:00:00,54.51,51.5311,2.9789,5.4649,12,12,100.0
TR-01-01,2026-01-05 18:00:00,84.2492,75.3894,8.8598,10.5162,12,12,100.0
TR-01-01,2026-01-05 19:00:00,76.7738,59.8023,16.9715,22.1058,12,11,91.6667
TR-01-01,2026-01-05 20:00:00,79.638,56.1524,23.4856,29.4904,12,11,91.6667
TR-01-01,2026-01-05 21:00:00,71.9917,66.855,5.1367,7.1351,12,12,100.0
TR-01-01,2026-01-05 22:00:00,74.8663,59.7152,15.1511,20.2375,12,10,83.3333
TR-01-01,2026-01-05 23:00:00,44.4968,38.5582,5.9386,13.3461,12,11,91.6667
TR-01-01,2026-01-06 00:00:00,25.7588,23.3856,2.3732,9.2132,12,12,100.0
TR-01-01,2026-01-06 01:00:00,26.7683,23.1653,3.603,13.46,12,12,100.0
TR-01-01,2026-01-06 02:00:00,24.3604,23.149,1.2114,4.9728,12,12,100.0
TR-01-01,2026-01-06 03:00:00,23.9237,22.6214,1.3023,5.4436,12,12,100.0
TR-01-01,2026-01-06 04:00:00,28.5185,24.6712,3.8473,13.4905,12,12,100.0
TR-01-01,2026-01-06 05:00:00,25.9047,23.3172,2.5875,9.9885,12,12,100.0
TR-01-01,2026-01-06 06:00:00,48.9965,46.877,2.1195,4.3258,12,12,100.0
TR-01-01,2026-01-06 07:00:00,50.6181,33.6605,16.9576,33.5011,12,11,91.6667
TR-01-01,2026-01-06 08:00:00,48.1749,41.1914,6.9835,14.4961,12,10,83.3333
TR-01-01,2026-01-06 09:00:00,58.3125,39.402,18.9105,32.4296,12,11,91.6667
TR-01-01,2026-01-06 10:00:00,56.9236,52.2914,4.6322,8.1376,12,12,100.0
TR-01-01,2026-01-06 11:00:00,52.1037,49.3182,2.7855,5.3461,12,12,100.0
TR-01-01,2026-01-06 12:00:00,63.7567,53.3437,10.413,16.3324,12,12,100.0
TR-01-01,2026-01-06 13:00:00,52.8968,47.4934,5.4034,10.215,12,12,100.0
TR-01-01,2026-01-06 14:00:00,55.2363,52.8546,2.3817,4.3118,12,12,100.0
TR-01-01,2026-01-06 15:00:00,55.7023,50.2023,5.5,9.8739,12,12,100.0
TR-01-01,2026-01-06 16:00:00,55.6748,49.1064,6.5684,11.7978,12,12,100.0
TR-01-01,2026-01-06 17:00:00,62.9228,54.3449,8.5779,13.6324,12,12,100.0
TR-01-01,2026-01-06 18:00:00,83.0001,71.4676,11.5325,13.8946,12,12,100.0
TR-01-01,2026-01-06 19:00:00,73.3348,67.9338,5.401,7.3649,12,11,91.6667
TR-01-01,2026-01-06 20:00:00,75.1714,63.5742,11.5972,15.4277,12,12,100.0
TR-01-01,2026-01-06 21:00:00,84.8101,69.6188,15.1913,17.9121,12,11,91.6667
TR-01-01,2026-01-06 22:00:00,70.9458,65.8981,5.0477,7.1149,12,12,100.0
TR-01-01,2026-01-06 23:00:00,44.6833,38.0702,6.6131,14.7999,12,12,100.0
TR-01-01,2026-01-07 00:00:00,25.9335,21.9763,3.9572,15.259,12,12,100.0
TR-01-01,2026-01-07 01:00:00,28.1756,24.6168,3.5588,12.6308,12,12,100.0
TR-01-01,2026-01-07 02:00:00,28.9251,23.4448,5.4803,18.9465,12,11,91.6667
TR-01-01,2026-01-07 03:00:00,26.8229,23.0595,3.7634,14.0305,12,12,100.0
TR-01-01,2026-01-07 04:00:00,25.1971,23.1254,2.0717,8.222,12,12,100.0
TR-01-01,2026-01-07 05:00:00,28.2608,18.5125,9.7483,34.4941,12,11,91.6667
TR-01-01,2026-01-07 06:00:00,46.2291,39.011,7.2181,15.6138,12,11,91.6667
TR-01-01,2026-01-07 07:00:00,52.4067,47.922,4.4847,8.5575,12,12,100.0
TR-01-01,2026-01-07 08:00:00,50.345,42.2545,8.0905,16.0701,12,12,100.0
TR-01-01,2026-01-07 09:00:00,57.6143,56.0382,1.5761,2.7356,12,12,100.0
TR-01-01,2026-01-07 10:00:00,54.731,46.7525,7.9785,14.5777,12,11,91.6667
TR-01-01,2026-01-07 11:00:00,57.1142,50.8626,6.2516,10.9458,12,11,91.6667
TR-01-01,2026-01-07 12:00:00,63.9506,52.7338,11.2168,17.5398,12,12,100.0
TR-01-01,2026-01-07 13:00:00,54.5986,52.2203,2.3783,4.356,12,12,100.0
TR-01-01,2026-01-07 14:00:00,52.236,50.0238,2.2122,4.235,12,12,100.0
TR-01-01,2026-01-07 15:00:00,59.8467,51.9981,7.8486,13.1145,12,12,100.0
TR-01-01,2026-01-07 16:00:00,61.3778,53.8442,7.5336,12.2741,12,12,100.0
TR-01-01,2026-01-07 17:00:00,59.7891,47.5058,12.2833,20.5444,12,11,91.6667
TR-01-01,2026-01-07 18:00:00,73.0544,60.0409,13.0135,17.8134,12,10,83.3333
TR-01-01,2026-01-07 19:00:00,78.7842,52.12,26.6642,33.8446,12,10,83.3333
TR-01-01,2026-01-07 20:00:00,86.0712,81.6845,4.3867,5.0966,12,11,91.6667
TR-01-01,2026-01-07 21:00:00,73.9981,67.3252,6.6729,9.0177,12,12,100.0
TR-01-01,2026-01-07 22:00:00,77.5682,91.5317,-13.9635,-18.0016,12,12,100.0
TR-01-01,2026-01-07 23:00:00,39.8454,36.7871,3.0583,7.6754,12,12,100.0
TR-01-02,2026-01-01 00:00:00,36.9616,30.2098,6.7518,18.2671,12,11,91.6667
TR-01-02,2026-01-01 01:00:00,31.9384,28.8825,3.0559,9.5681,12,12,100.0
TR-01-02,2026-01-01 02:00:00,33.3476,30.8264,2.5212,7.5604,12,12,100.0
TR-01-02,2026-01-01 03:00:00,30.6466,29.2761,1.3705,4.4719,12,12,100.0
TR-01-02,2026-01-01 04:00:00,33.7281,31.1964,2.5317,7.5062,12,11,91.6667
TR-01-02,2026-01-01 05:00:00,34.0887,28.4397,5.649,16.5715,12,11,91.6667
TR-01-02,2026-01-01 06:00:00,66.2418,56.6751,9.5667,14.4421,12,12,100.0
TR-01-02,2026-01-01 07:00:00,59.7734,52.0415,7.7319,12.9354,12,12,100.0
TR-01-02,2026-01-01 08:00:00,65.4538,51.5897,13.8641,21.1815,12,12,100.0
TR-01-02,2026-01-01 09:00:00,72.8223,66.9605,5.8618,8.0495,12,12,100.0
TR-01-02,2026-01-01 10:00:00,72.491,68.9386,3.5524,4.9005,12,12,100.0
TR-01-02,2026-01-01 11:00:00,68.7178,63.3779,5.3399,7.7708,12,11,91.6667
TR-01-02,2026-01-01 12:00:00,73.3443,67.8511,5.4932,7.4896,12,11,91.6667
TR-01-02,2026-01-01 13:00:00,77.3639,58.7911,18.5728,24.0071,12,11,91.6667
TR-01-02,2026-01-01 14:00:00,69.7917,65.1915,4.6002,6.5913,12,12,100.0
TR-01-02,2026-01-01 15:00:00,71.013,61.281,9.732,13.7045,12,12,100.0
TR-01-02,2026-01-01 16:00:00,80.4646,66.0415,14.4231,17.9248,12,12,100.0
TR-01-02,2026-01-01 17:00:00,79.3767,67.5453,11.8314,14.9054,12,12,100.0
TR-01-02,2026-01-01 18:00:00,97.4923,89.5262,7.9661,8.171,12,12,100.0
TR-01-02,2026-01-01 19:00:00,108.7606,89.9801,18.7805,17.2677,12,12,100.0
TR-01-02,2026-01-01 20:00:00,102.6882,87.4407,15.2475,14.8483,12,12,100.0
TR-01-02,2026-01-01 21:00:00,108.9948,72.6045,36.3903,33.3872,12,10,83.3333
TR-01-02,2026-01-01 22:00:00,102.8124,89.1777,13.6347,13.2617,12,12,100.0
TR-01-02,2026-01-01 23:00:00,53.4641,48.4806,4.9835,9.3212,12,12,100.0
TR-01-02,2026-01-02 00:00:00,36.0702,30.2455,5.8247,16.1482,12,12,100.0
TR-01-02,2026-01-02 01:00:00,32.1672,29.305,2.8622,8.8979,12,12,100.0
TR-01-02,2026-01-02 02:00:00,34.5699,28.8938,5.6761,16.4192,12,11,91.6667
TR-01-02,2026-01-02 03:00:00,36.8041,26.0631,10.741,29.1842,12,11,91.6667
TR-01-02,2026-01-02 04:00:00,36.2951,26.4644,9.8307,27.0855,12,10,83.3333
TR-01-02,2026-01-02 05:00:00,36.1332,30.7029,5.4303,15.0286,12,12,100.0
TR-01-02,2026-01-02 06:00:00,63.1105,58.3762,4.7343,7.5016,12,12,100.0
TR-01-02,2026-01-02 07:00:00,63.7098,58.9637,4.7461,7.4496,12,12,100.0
TR-01-02,2026-01-02 08:00:00,63.0425,55.1162,7.9263,12.5729,12,12,100.0
TR-01-02,2026-01-02 09:00:00,80.5541,67.9328,12.6213,15.6681,12,12,100.0
TR-01-02,2026-01-02 10:00:00,80.4233,67.8005,12.6228,15.6955,12,12,100.0
TR-01-02,2026-01-02 11:00:00,73.4948,63.4323,10.0625,13.6914,12,12,100.0
TR-01-02,2026-01-02 12:00:00,70.9705,63.872,7.0985,10.002,12,12,100.0
TR-01-02,2026-01-02 13:00:00,78.0587,64.0828,13.9759,17.9043,12,12,100.0
TR-01-02,2026-01-02 14:00:00,72.4572,63.7051,8.7521,12.079,12,12,100.0
TR-01-02,2026-01-02 15:00:00,77.3527,64.0468,13.3059,17.2016,12,12,100.0
TR-01-02,2026-01-02 16:00:00,74.2478,61.7086,12.5392,16.8883,12,11,91.6667
TR-01-02,2026-01-02 17:00:00,72.6546,67.1423,5.5123,7.587,12,12,100.0
TR-01-02,2026-01-02 18:00:00,98.0875,74.0874,24.0001,24.4681,12,10,83.3333
TR-01-02,2026-01-02 19:00:00,98.3434,85.5214,12.822,13.038,12,12,100.0
TR-01-02,2026-01-02 20:00:00,99.1118,92.559,6.5528,6.6115,12,12,100.0
TR-01-02,2026-01-02 21:00:00,102.3432,79.1692,23.174,22.6434,12,11,91.6667
TR-01-02,2026-01-02 22:00:00,105.0703,89.0955,15.9748,15.2039,12,12,100.0
TR-01-02,2026-01-02 23:00:00,53.456,44.2893,9.1667,17.1481,12,12,100.0
TR-01-02,2026-01-03 00:00:00,32.6488,26.196,6.4528,19.7643,12,12,100.0
TR-01-02,2026-01-03 01:00:00,29.8359,28.1245,1.7114,5.736,12,12,100.0
TR-01-02,2026-01-03 02:00:00,30.7305,22.5638,8.1667,26.5752,12,10,83.3333
TR-01-02,2026-01-03 03:00:00,31.1147,23.3252,7.7895,25.0348,12,11,91.6667
TR-01-02,2026-01-03 04:00:00,31.149,21.7753,9.3737,30.0931,12,10,83.3333
TR-01-02,2026-01-03 05:00:00,32.0484,27.827,4.2214,13.172,12,12,100.0
TR-01-02,2026-01-03 06:00:00,55.2206,50.7731,4.4475,8.0541,12,12,100.0
TR-01-02,2026-01-03 07:00:00,62.828,52.3192,10.5088,16.7263,12,12,100.0
TR-01-02,2026-01-03 08:00:00,55.2041,50.3041,4.9,8.8762,12,12,100.0
TR-01-02,2026-01-03 09:00:00,71.5936,62.1014,9.4922,13.2584,12,12,100.0
TR-01-02,2026-01-03 10:00:00,64.1512,60.2009,3.9503,6.1578,12,12,100.0
TR-01-02,2026-01-03 11:00:00,70.9423,63.2544,7.6879,10.8368,12,12,100.0
TR-01-02,2026-01-03 12:00:00,71.7637,59.7581,12.0056,16.7293,12,12,100.0
TR-01-02,2026-01-03 13:00:00,69.3673,63.0784,6.2889,9.0661,12,12,100.0
TR-01-02,2026-01-03 14:00:00,69.1151,62.5103,6.6048,9.5562,12,12,100.0
TR-01-02,2026-01-03 15:00:00,71.5029,77.1418,-5.6389,-7.8863,12,11,91.6667
TR-01-02,2026-01-03 16:00:00,66.4276,48.6053,17.8223,26.8297,12,10,83.3333
TR-01-02,2026-01-03 17:00:00,61.6079,78.6839,-17.076,-27.7172,12,10,83.3333
TR-01-02,2026-01-03 18:00:00,85.4542,68.5216,16.9326,19.8148,12,11,91.6667
TR-01-02,2026-01-03 19:00:00,92.5419,86.5834,5.9585,6.4387,12,12,100.0
TR-01-02,2026-01-03 20:00:00,91.075,81.3034,9.7716,10.7292,12,12,100.0
TR-01-02,2026-01-03 21:00:00,91.0952,80.3604,10.7348,11.7842,12,12,100.0
TR-01-02,2026-01-03 22:00:00,95.6723,81.1288,14.5435,15.2014,12,12,100.0
TR-01-02,2026-01-03 23:00:00,49.0813,44.2105,4.8708,9.9239,12,12,100.0
TR-01-02,2026-01-04 00:00:00,32.6635,28.0428,4.6207,14.1464,12,12,100.0
TR-01-02,2026-01-04 01:00:00,28.039,26.0389,2.0001,7.1333,12,12,100.0
TR-01-02,2026-01-04 02:00:00,29.8407,23.5672,6.2735,21.0233,12,11,91.6667
TR-01-02,2026-01-04 03:00:00,29.4649,27.6553,1.8096,6.1415,12,12,100.0
TR-01-02,2026-01-04 04:00:00,30.435,26.6624,3.7726,12.3956,12,12,100.0
TR-01-02,2026-01-04 05:00:00,32.3302,25.3069,7.0233,21.7237,12,11,91.6667
TR-01-02,2026-01-04 06:00:00,57.2681,50.1204,7.1477,12.4811,12,12,100.0
TR-01-02,2026-01-04 07:00:00,54.8661,41.1455,13.7206,25.0074,12,11,91.6667
TR-01-02,2026-01-04 08:00:00,59.9545,44.6788,15.2757,25.4788,12,11,91.6667
TR-01-02,2026-01-04 09:00:00,66.7916,57.91,8.8816,13.2975,12,12,100.0
TR-01-02,2026-01-04 10:00:00,64.6512,59.5426,5.1086,7.9018,12,12,100.0
TR-01-02,2026-01-04 11:00:00,64.3274,60.1767,4.1507,6.4525,12,12,100.0
TR-01-02,2026-01-04 12:00:00,74.1105,62.1242,11.9863,16.1736,12,12,100.0
TR-01-02,2026-01-04 13:00:00,71.1927,46.7996,24.3931,34.2635,12,10,83.3333
TR-01-02,2026-01-04 14:00:00,62.5407,58.6525,3.8882,6.2171,12,12,100.0
TR-01-02,2026-01-04 15:00:00,76.6315,62.4706,14.1609,18.4792,12,12,100.0
TR-01-02,2026-01-04 16:00:00,60.9043,57.273,3.6313,5.9623,12,11,91.6667
TR-01-02,2026-01-04 17:00:00,69.1592,52.2673,16.8919,24.4247,12,11,91.6667
TR-01-02,2026-01-04 18:00:00,99.9512,78.208,21.7432,21.7538,12,11,91.6667
TR-01-02,2026-01-04 19:00:00,85.0056,80.8377,4.1679,4.9031,12,12,100.0
TR-01-02,2026-01-04 20:00:00,96.2254,81.938,14.2874,14.8478,12,12,100.0
TR-01-02,2026-01-04 21:00:00,90.0185,75.3378,14.6807,16.3085,12,11,91.6667
TR-01-02,2026-01-04 22:00:00,94.6947,79.7533,14.9414,15.7785,12,12,100.0
TR-01-02,2026-01-04 23:00:00,51.0844,44.8982,6.1862,12.1098,12,12,100.0
TR-01-02,2026-01-05 00:00:00,32.208,30.6377,1.5703,4.8755,12,12,100.0
TR-01-02,2026-01-05 01:00:00,37.2788,30.8527,6.4261,17.2379,12,12,100.0
TR-01-02,2026-01-05 02:00:00,31.9568,30.4677,1.4891,4.6597,12,12,100.0
TR-01-02,2026-01-05 03:00:00,33.7335,29.4985,4.235,12.5543,12,12,100.0
TR-01-02,2026-01-05 04:00:00,30.287,25.9826,4.3044,14.212,12,11,91.6667
TR-01-02,2026-01-05 05:00:00,33.6079,31.3525,2.2554,6.7109,12,12,100.0
TR-01-02,2026-01-05 06:00:00,59.0423,53.8905,5.1518,8.7256,12,12,100.0
TR-01-02,2026-01-05 07:00:00,61.8322,55.3395,6.4927,10.5005,12,12,100.0
TR-01-02,2026-01-05 08:00:00,69.516,54.7349,14.7811,21.2629,12,11,91.6667
TR-01-02,2026-01-05 09:00:00,63.3291,60.4902,2.8389,4.4828,12,12,100.0
TR-01-02,2026-01-05 10:00:00,73.6869,69.9248,3.7621,5.1055,12,12,100.0
TR-01-02,2026-01-05 11:00:00,78.3926,59.1826,19.21,24.5049,12,11,91.6667
TR-01-02,2026-01-05 12:00:00,74.0083,66.6646,7.3437,9.9228,12,12,100.0
TR-01-02,2026-01-05 13:00:00,74.8536,60.0543,14.7993,19.771,12,11,91.6667
TR-01-02,2026-01-05 14:00:00,77.7682,65.6129,12.1553,15.6302,12,12,100.0
TR-01-02,2026-01-05 15:00:00,64.7948,59.3523,5.4425,8.3996,12,12,100.0
TR-01-02,2026-01-05 16:00:00,72.93,66.2628,6.6672,9.1419,12,12,100.0
TR-01-02,2026-01-05 17:00:00,71.0051,67.3388,3.6663,5.1634,12,12,100.0
TR-01-02,2026-01-05 18:00:00,100.5094,85.9045,14.6049,14.5309,12,11,91.6667
TR-01-02,2026-01-05 19:00:00,92.7621,87.3609,5.4012,5.8226,12,12,100.0
TR-01-02,2026-01-05 20:00:00,93.3568,88.4021,4.9547,5.3073,12,12,100.0
TR-01-02,2026-01-05 21:00:00,98.5864,89.0899,9.4965,9.6327,12,12,100.0
TR-01-02,2026-01-05 22:00:00,106.17,81.6131,24.5569,23.1298,12,11,91.6667
TR-01-02,2026-01-05 23:00:00,53.0392,48.8289,4.2103,7.9381,12,12,100.0
TR-01-02,2026-01-06 00:00:00,31.4963,38.0014,-6.5051,-20.6535,12,12,100.0
TR-01-02,2026-01-06 01:00:00,31.3875,28.7344,2.6531,8.4527,12,12,100.0
TR-01-02,2026-01-06 02:00:00,33.309,30.3525,2.9565,8.876,12,12,100.0
TR-01-02,2026-01-06 03:00:00,32.6935,27.6851,5.0084,15.3193,12,11,91.6667
TR-01-02,2026-01-06 04:00:00,38.117,31.488,6.629,17.3912,12,12,100.0
TR-01-02,2026-01-06 05:00:00,32.8894,28.5358,4.3536,13.2371,12,12,100.0
TR-01-02,2026-01-06 06:00:00,63.9298,53.5211,10.4087,16.2815,12,12,100.0
TR-01-02,2026-01-06 07:00:00,68.4073,58.0071,10.4002,15.2033,12,12,100.0
TR-01-02,2026-01-06 08:00:00,68.6874,58.8248,9.8626,14.3587,12,12,100.0
TR-01-02,2026-01-06 09:00:00,65.8604,60.9298,4.9306,7.4864,12,12,100.0
TR-01-02,2026-01-06 10:00:00,67.9201,63.6877,4.2324,6.2314,12,12,100.0
TR-01-02,2026-01-06 11:00:00,77.947,68.6468,9.3002,11.9314,12,12,100.0
TR-01-02,2026-01-06 12:00:00,83.3451,60.5845,22.7606,27.3089,12,11,91.6667
TR-01-02,2026-01-06 13:00:00,69.5503,66.4708,3.0795,4.4277,12,12,100.0
TR-01-02,2026-01-06 14:00:00,72.621,62.5859,10.0351,13.8185,12,11,91.6667
TR-01-02,2026-01-06 15:00:00,66.7011,63.1434,3.5577,5.3338,12,12,100.0
TR-01-02,2026-01-06 16:00:00,76.5046,69.9297,6.5749,8.5941,12,12,100.0
TR-01-02,2026-01-06 17:00:00,70.9583,66.1585,4.7998,6.7643,12,12,100.0
TR-01-02,2026-01-06 18:00:00,106.2195,90.489,15.7305,14.8094,12,12,100.0
TR-01-02,2026-01-06 19:00:00,101.4977,90.3367,11.161,10.9963,12,12,100.0
TR-01-02,2026-01-06 20:00:00,110.1732,91.1376,19.0356,17.2779,12,12,100.0
TR-01-02,2026-01-06 21:00:00,108.6883,92.2629,16.4254,15.1124,12,12,100.0
TR-01-02,2026-01-06 22:00:00,102.7983,92.2084,10.5899,10.3016,12,12,100.0
TR-01-02,2026-01-06 23:00:00,50.7216,48.2168,2.5048,4.9383,12,12,100.0
TR-01-02,2026-01-07 00:00:00,33.8901,31.1783,2.7118,8.0017,12,12,100.0
TR-01-02,2026-01-07 01:00:00,33.8343,29.0517,4.7826,14.1354,12,12,100.0
TR-01-02,2026-01-07 02:00:00,31.167,28.1827,2.9843,9.5752,12,12,100.0
TR-01-02,2026-01-07 03:00:00,35.6918,24.6163,11.0755,31.0309,12,11,91.6667
TR-01-02,2026-01-07 04:00:00,30.3887,25.2602,5.1285,16.8763,12,11,91.6667
TR-01-02,2026-01-07 05:00:00,34.5627,30.5378,4.0249,11.6452,12,11,91.6667
TR-01-02,2026-01-07 06:00:00,63.5694,47.6423,15.9271,25.0547,12,11,91.6667
TR-01-02,2026-01-07 07:00:00,67.9172,54.9074,13.0098,19.1554,12,11,91.6667
TR-01-02,2026-01-07 08:00:00,55.5409,53.217,2.3239,4.1841,12,12,100.0
TR-01-02,2026-01-07 09:00:00,71.8289,64.0191,7.8098,10.8728,12,12,100.0
TR-01-02,2026-01-07 10:00:00,78.6554,62.9519,15.7035,19.9649,12,12,100.0
TR-01-02,2026-01-07 11:00:00,75.1913,66.2314,8.9599,11.9161,12,12,100.0
TR-01-02,2026-01-07 12:00:00,69.9028,79.1864,-9.2836,-13.2807,12,11,91.6667
TR-01-02,2026-01-07 13:00:00,74.4606,66.7909,7.6697,10.3003,12,12,100.0
TR-01-02,2026-01-07 14:00:00,73.8483,60.0972,13.7511,18.6207,12,10,83.3333
TR-01-02,2026-01-07 15:00:00,81.081,66.498,14.583,17.9857,12,12,100.0
TR-01-02,2026-01-07 16:00:00,69.5136,65.501,4.0126,5.7724,12,12,100.0
TR-01-02,2026-01-07 17:00:00,72.9481,83.5262,-10.5781,-14.5009,12,11,91.6667
TR-01-02,2026-01-07 18:00:00,97.3121,87.1287,10.1834,10.4647,12,11,91.6667
TR-01-02,2026-01-07 19:00:00,91.9282,81.9012,10.027,10.9074,12,12,100.0
TR-01-02,2026-01-07 20:00:00,95.7898,85.6656,10.1242,10.5692,12,11,91.6667
TR-01-02,2026-01-07 21:00:00,96.8598,87.5669,9.2929,9.5942,12,12,100.0
TR-01-02,2026-01-07 22:00:00,108.7445,80.9017,27.8428,25.6039,12,10,83.3333
TR-01-02,2026-01-07 23:00:00,60.14,39.7784,20.3616,33.857,12,10,83.3333
TR-01-03,2026-01-01 00:00:00,16.0938,14.2466,1.8472,11.4777,12,12,100.0
TR-01-03,2026-01-01 01:00:00,15.7552,14.6968,1.0584,6.7178,12,12,100.0
TR-01-03,2026-01-01 02:00:00,17.0184,14.4764,2.542,14.9368,12,12,100.0
TR-01-03,2026-01-01 03:00:00,16.5214,13.1037,3.4177,20.6865,12,12,100.0
TR-01-03,2026-01-01 04:00:00,16.346,11.4098,4.9362,30.1982,12,11,91.6667
TR-01-03,2026-01-01 05:00:00,14.6398,13.4784,1.1614,7.9332,12,12,100.0
TR-01-03,2026-01-01 06:00:00,33.0516,27.1811,5.8705,17.7616,12,12,100.0
TR-01-03,2026-01-01 07:00:00,31.2647,24.916,6.3487,20.3063,12,11,91.6667
TR-01-03,2026-01-01 08:00:00,33.371,27.4496,5.9214,17.7441,12,12,100.0
TR-01-03,2026-01-01 09:00:00,33.8599,32.3139,1.546,4.5659,12,12,100.0
TR-01-03,2026-01-01 10:00:00,32.8512,29.9725,2.8787,8.7628,12,12,100.0
TR-01-03,2026-01-01 11:00:00,33.8154,19.9779,13.8375,40.9207,12,11,91.6667
TR-01-03,2026-01-01 12:00:00,33.3943,30.9569,2.4374,7.2989,12,12,100.0
TR-01-03,2026-01-01 13:00:00,34.2843,31.1945,3.0898,9.0123,12,12,100.0
TR-01-03,2026-01-01 14:00:00,35.9836,31.3374,4.6462,12.912,12,12,100.0
TR-01-03,2026-01-01 15:00:00,35.2972,32.6253,2.6719,7.5697,12,11,91.6667
TR-01-03,2026-01-01 16:00:00,34.2887,36.4022,-2.1135,-6.1638,12,12,100.0
TR-01-03,2026-01-01 17:00:00,36.8671,81.8313,-44.9642,-121.9629,12,11,91.6667
TR-01-03,2026-01-01 18:00:00,48.5967,26.4639,22.1328,45.5438,12,11,91.6667
TR-01-03,2026-01-01 19:00:00,43.6047,40.9162,2.6885,6.1656,12,12,100.0
TR-01-03,2026-01-01 20:00:00,49.317,38.4724,10.8446,21.9896,12,11,91.6667
TR-01-03,2026-01-01 21:00:00,48.5705,41.2688,7.3017,15.0332,12,12,100.0
TR-01-03,2026-01-01 22:00:00,54.9078,42.9505,11.9573,21.7771,12,11,91.6667
TR-01-03,2026-01-01 23:00:00,26.1598,23.4139,2.7459,10.4966,12,12,100.0
TR-01-03,2026-01-02 00:00:00,14.2966,12.55,1.7466,12.2169,12,12,100.0
TR-01-03,2026-01-02 01:00:00,16.618,21.3713,-4.7533,-28.6033,12,12,100.0
TR-01-03,2026-01-02 02:00:00,16.9589,14.0766,2.8823,16.9958,12,12,100.0
TR-01-03,2026-01-02 03:00:00,16.5943,14.2949,2.2994,13.8566,12,12,100.0
TR-01-03,2026-01-02 04:00:00,18.3333,12.9177,5.4156,29.5397,12,11,91.6667
TR-01-03,2026-01-02 05:00:00,15.7055,14.7317,0.9738,6.2004,12,12,100.0
TR-01-03,2026-01-02 06:00:00,30.4447,23.4537,6.991,22.9629,12,11,91.6667
TR-01-03,2026-01-02 07:00:00,32.684,17.5853,15.0987,46.196,12,11,91.6667
TR-01-03,2026-01-02 08:00:00,30.5505,28.2641,2.2864,7.484,12,12,100.0
TR-01-03,2026-01-02 09:00:00,34.3518,30.9341,3.4177,9.9491,12,12,100.0
TR-01-03,2026-01-02 10:00:00,41.2076,29.4691,11.7385,28.4863,12,12,100.0
TR-01-03,2026-01-02 11:00:00,31.6856,30.0375,1.6481,5.2014,12,12,100.0
TR-01-03,2026-01-02 12:00:00,37.948,30.7423,7.2057,18.9884,12,11,91.6667
TR-01-03,2026-01-02 13:00:00,37.2291,30.536,6.6931,17.9781,12,12,100.0
TR-01-03,2026-01-02 14:00:00,33.7732,30.6102,3.163,9.3654,12,12,100.0
TR-01-03,2026-01-02 15:00:00,35.805,29.9436,5.8614,16.3703,12,10,83.3333
TR-01-03,2026-01-02 16:00:00,35.5778,30.4706,5.1072,14.355,12,11,91.6667
TR-01-03,2026-01-02 17:00:00,33.516,30.0388,3.4772,10.3747,12,12,100.0
TR-01-03,2026-01-02 18:00:00,45.4508,41.0987,4.3521,9.5754,12,11,91.6667
TR-01-03,2026-01-02 19:00:00,53.3269,44.5914,8.7355,16.381,12,12,100.0
TR-01-03,2026-01-02 20:00:00,44.7435,50.3725,-5.629,-12.5806,12,11,91.6667
TR-01-03,2026-01-02 21:00:00,46.7834,39.7962,6.9872,14.9352,12,12,100.0
TR-01-03,2026-01-02 22:00:00,52.6834,36.8428,15.8406,30.0675,12,11,91.6667
TR-01-03,2026-01-02 23:00:00,29.9541,24.7605,5.1936,17.3385,12,12,100.0
TR-01-03,2026-01-03 00:00:00,14.9008,11.6026,3.2982,22.1344,12,11,91.6667
TR-01-03,2026-01-03 01:00:00,15.0362,12.3684,2.6678,17.7425,12,12,100.0
TR-01-03,2026-01-03 02:00:00,15.5922,13.0552,2.537,16.271,12,12,100.0
TR-01-03,2026-01-03 03:00:00,15.626,13.0846,2.5414,16.2639,12,12,100.0
TR-01-03,2026-01-03 04:00:00,16.12,13.4021,2.7179,16.8604,12,12,100.0
TR-01-03,2026-01-03 05:00:00,14.8387,12.5679,2.2708,15.3032,12,11,91.6667
TR-01-03,2026-01-03 06:00:00,28.6148,24.2818,4.333,15.1425,12,12,100.0
TR-01-03,2026-01-03 07:00:00,25.025,23.8586,1.1664,4.6609,12,12,100.0
TR-01-03,2026-01-03 08:00:00,27.26,23.1912,4.0688,14.9259,12,11,91.6667
TR-01-03,2026-01-03 09:00:00,35.629,29.9802,5.6488,15.8545,12,11,91.6667
TR-01-03,2026-01-03 10:00:00,35.9674,29.6484,6.319,17.5687,12,12,100.0
TR-01-03,2026-01-03 11:00:00,35.3812,29.3844,5.9968,16.9491,12,12,100.0
TR-01-03,2026-01-03 12:00:00,30.5188,16.614,13.9048,45.5614,12,9,75.0
TR-01-03,2026-01-03 13:00:00,32.0971,24.764,7.3331,22.8466,12,12,100.0
TR-01-03,2026-01-03 14:00:00,34.6832,29.0263,5.6569,16.3102,12,11,91.6667
TR-01-03,2026-01-03 15:00:00,31.7455,27.7081,4.0374,12.718,12,12,100.0
TR-01-03,2026-01-03 16:00:00,31.7281,24.7795,6.9486,21.9005,12,11,91.6667
TR-01-03,2026-01-03 17:00:00,31.1886,17.5047,13.6839,43.8747,12,10,83.3333
TR-01-03,2026-01-03 18:00:00,40.9004,38.6289,2.2715,5.5537,12,12,100.0
TR-01-03,2026-01-03 19:00:00,48.2358,40.8262,7.4096,15.3612,12,12,100.0
TR-01-03,2026-01-03 20:00:00,43.2119,35.36,7.8519,18.1707,12,11,91.6667
TR-01-03,2026-01-03 21:00:00,42.5581,37.0731,5.485,12.8883,12,12,100.0
TR-01-03,2026-01-03 22:00:00,40.8529,35.2102,5.6427,13.8122,12,11,91.6667
TR-01-03,2026-01-03 23:00:00,27.5458,22.2924,5.2534,19.0715,12,12,100.0
TR-01-03,2026-01-04 00:00:00,15.422,13.5814,1.8406,11.9349,12,12,100.0
TR-01-03,2026-01-04 01:00:00,13.9243,13.0797,0.8446,6.0657,12,12,100.0
TR-01-03,2026-01-04 02:00:00,14.8651,13.5419,1.3232,8.9014,12,12,100.0
TR-01-03,2026-01-04 03:00:00,14.1396,12.5773,1.5623,11.0491,12,12,100.0
TR-01-03,2026-01-04 04:00:00,15.2821,12.0489,3.2332,21.1568,12,10,83.3333
TR-01-03,2026-01-04 05:00:00,15.0471,13.4481,1.599,10.6266,12,12,100.0
TR-01-03,2026-01-04 06:00:00,30.1777,25.8892,4.2885,14.2108,12,12,100.0
TR-01-03,2026-01-04 07:00:00,30.4161,27.092,3.3241,10.9288,12,12,100.0
TR-01-03,2026-01-04 08:00:00,28.9088,23.6759,5.2329,18.1014,12,12,100.0
TR-01-03,2026-01-04 09:00:00,27.3559,26.0935,1.2624,4.6147,12,12,100.0
TR-01-03,2026-01-04 10:00:00,28.8193,25.4175,3.4018,11.8039,12,11,91.6667
TR-01-03,2026-01-04 11:00:00,35.2416,30.3252,4.9164,13.9506,12,12,100.0
TR-01-03,2026-01-04 12:00:00,33.5483,29.3109,4.2374,12.6307,12,12,100.0
TR-01-03,2026-01-04 13:00:00,32.5047,30.7336,1.7711,5.4488,12,12,100.0
TR-01-03,2026-01-04 14:00:00,31.36,29.0435,2.3165,7.3868,12,12,100.0
TR-01-03,2026-01-04 15:00:00,32.6343,26.5904,6.0439,18.5201,12,11,91.6667
TR-01-03,2026-01-04 16:00:00,32.983,30.3077,2.6753,8.1111,12,12,100.0
TR-01-03,2026-01-04 17:00:00,34.7308,28.657,6.0738,17.4882,12,11,91.6667
TR-01-03,2026-01-04 18:00:00,47.9082,43.694,4.2142,8.7964,12,12,100.0
TR-01-03,2026-01-04 19:00:00,40.8978,36.7988,4.099,10.0225,12,12,100.0
TR-01-03,2026-01-04 20:00:00,44.6391,40.0261,4.613,10.334,12,12,100.0
TR-01-03,2026-01-04 21:00:00,44.8662,40.0401,4.8261,10.7566,12,12,100.0
TR-01-03,2026-01-04 22:00:00,43.0729,37.9492,5.1237,11.8954,12,12,100.0
TR-01-03,2026-01-04 23:00:00,26.4104,21.7873,4.6231,17.5048,12,12,100.0
TR-01-03,2026-01-05 00:00:00,17.0872,13.4867,3.6005,21.0713,12,11,91.6667
TR-01-03,2026-01-05 01:00:00,16.1871,13.7277,2.4594,15.1936,12,12,100.0
TR-01-03,2026-01-05 02:00:00,15.2737,14.1905,1.0832,7.0919,12,12,100.0
TR-01-03,2026-01-05 03:00:00,16.5606,13.8249,2.7357,16.5193,12,12,100.0
TR-01-03,2026-01-05 04:00:00,15.0826,13.3322,1.7504,11.6054,12,11,91.6667
TR-01-03,2026-01-05 05:00:00,16.4407,14.1386,2.3021,14.0024,12,12,100.0
TR-01-03,2026-01-05 06:00:00,30.9342,25.9835,4.9507,16.004,12,11,91.6667
TR-01-03,2026-01-05 07:00:00,30.2441,28.0693,2.1748,7.1908,12,12,100.0
TR-01-03,2026-01-05 08:00:00,32.7008,27.5872,5.1136,15.6375,12,12,100.0
TR-01-03,2026-01-05 09:00:00,32.5289,28.1058,4.4231,13.5974,12,11,91.6667
TR-01-03,2026-01-05 10:00:00,34.2872,31.2657,3.0215,8.8123,12,12,100.0
TR-01-03,2026-01-05 11:00:00,36.2531,27.2255,9.0276,24.9016,12,11,91.6667
TR-01-03,2026-01-05 12:00:00,34.2198,30.5145,3.7053,10.8279,12,11,91.6667
TR-01-03,2026-01-05 13:00:00,37.9337,34.0861,3.8476,10.143,12,12,100.0
TR-01-03,2026-01-05 14:00:00,38.9927,29.7509,9.2418,23.7014,12,11,91.6667
TR-01-03,2026-01-05 15:00:00,33.4568,26.3295,7.1273,21.303,12,11,91.6667
TR-01-03,2026-01-05 16:00:00,35.0034,32.2487,2.7547,7.8698,12,12,100.0
TR-01-03,2026-01-05 17:00:00,33.2569,19.7939,13.463,40.4818,12,11,91.6667
TR-01-03,2026-01-05 18:00:00,48.3439,42.9082,5.4357,11.2438,12,11,91.6667
TR-01-03,2026-01-05 19:00:00,50.6754,43.6009,7.0745,13.9604,12,11,91.6667
TR-01-03,2026-01-05 20:00:00,46.6198,41.172,5.4478,11.6856,12,12,100.0
TR-01-03,2026-01-05 21:00:00,46.1835,40.856,5.3275,11.5355,12,12,100.0
TR-01-03,2026-01-05 22:00:00,52.5503,29.0337,23.5166,44.7506,12,11,91.6667
TR-01-03,2026-01-05 23:00:00,27.3481,23.4097,3.9384,14.401,12,12,100.0
TR-01-03,2026-01-06 00:00:00,16.3966,13.3746,3.022,18.4307,12,11,91.6667
TR-01-03,2026-01-06 01:00:00,15.1421,13.9123,1.2298,8.1217,12,11,91.6667
TR-01-03,2026-01-06 02:00:00,15.2278,13.9143,1.3135,8.6257,12,12,100.0
TR-01-03,2026-01-06 03:00:00,16.2776,12.5656,3.712,22.8043,12,10,83.3333
TR-01-03,2026-01-06 04:00:00,14.8872,14.2047,0.6825,4.5845,12,12,100.0
TR-01-03,2026-01-06 05:00:00,15.0828,12.4004,2.6824,17.7845,12,12,100.0
TR-01-03,2026-01-06 06:00:00,27.9167,24.951,2.9657,10.6234,12,12,100.0
TR-01-03,2026-01-06 07:00:00,31.507,27.0517,4.4553,14.1407,12,12,100.0
TR-01-03,2026-01-06 08:00:00,32.7827,29.247,3.5357,10.7853,12,12,100.0
TR-01-03,2026-01-06 09:00:00,35.4139,29.0871,6.3268,17.8653,12,11,91.6667
TR-01-03,2026-01-06 10:00:00,35.731,24.3112,11.4198,31.9605,12,11,91.6667
TR-01-03,2026-01-06 11:00:00,39.0682,32.1947,6.8735,17.5936,12,12,100.0
TR-01-03,2026-01-06 12:00:00,39.0968,31.8559,7.2409,18.5204,12,11,91.6667
TR-01-03,2026-01-06 13:00:00,36.1526,32.3521,3.8005,10.5124,12,12,100.0
TR-01-03,2026-01-06 14:00:00,33.2381,18.8429,14.3952,43.3093,12,10,83.3333
TR-01-03,2026-01-06 15:00:00,32.1752,30.7536,1.4216,4.4183,12,12,100.0
TR-01-03,2026-01-06 16:00:00,34.6151,31.2477,3.3674,9.7281,12,12,100.0
TR-01-03,2026-01-06 17:00:00,34.0397,27.5537,6.486,19.0542,12,11,91.6667
TR-01-03,2026-01-06 18:00:00,54.6271,42.9469,11.6802,21.3817,12,12,100.0
TR-01-03,2026-01-06 19:00:00,53.1099,45.6758,7.4341,13.9976,12,12,100.0
TR-01-03,2026-01-06 20:00:00,45.308,42.5447,2.7633,6.0989,12,12,100.0
TR-01-03,2026-01-06 21:00:00,45.0815,39.7341,5.3474,11.8616,12,12,100.0
TR-01-03,2026-01-06 22:00:00,47.9018,40.2702,7.6316,15.9318,12,12,100.0
TR-01-03,2026-01-06 23:00:00,29.2727,34.9312,-5.6585,-19.3303,12,12,100.0
TR-01-03,2026-01-07 00:00:00,16.0282,13.3174,2.7108,16.9127,12,11,91.6667
TR-01-03,2026-01-07 01:00:00,18.0039,15.263,2.7409,15.2239,12,12,100.0
TR-01-03,2026-01-07 02:00:00,14.5835,13.3054,1.2781,8.764,12,12,100.0
TR-01-03,2026-01-07 03:00:00,16.8037,13.4938,3.3099,19.6974,12,11,91.6667
TR-01-03,2026-01-07 04:00:00,16.7343,14.71,2.0243,12.0967,12,12,100.0
TR-01-03,2026-01-07 05:00:00,16.5977,15.1184,1.4793,8.9127,12,12,100.0
TR-01-03,2026-01-07 06:00:00,31.662,26.2373,5.4247,17.1332,12,12,100.0
TR-01-03,2026-01-07 07:00:00,29.0637,26.7854,2.2783,7.839,12,12,100.0
TR-01-03,2026-01-07 08:00:00,33.3809,27.5175,5.8634,17.5651,12,12,100.0
TR-01-03,2026-01-07 09:00:00,35.8546,32.7339,3.1207,8.7038,12,12,100.0
TR-01-03,2026-01-07 10:00:00,34.5975,32.6307,1.9668,5.6848,12,12,100.0
TR-01-03,2026-01-07 11:00:00,33.736,27.7485,5.9875,17.7481,12,11,91.6667
TR-01-03,2026-01-07 12:00:00,37.4385,32.8329,4.6056,12.3018,12,12,100.0
TR-01-03,2026-01-07 13:00:00,33.5696,30.3497,3.2199,9.5917,12,12,100.0
TR-01-03,2026-01-07 14:00:00,35.6831,29.7924,5.8907,16.5084,12,11,91.6667
TR-01-03,2026-01-07 15:00:00,35.9173,31.2955,4.6218,12.8679,12,11,91.6667
TR-01-03,2026-01-07 16:00:00,37.9477,30.4247,7.523,19.8247,12,10,83.3333
TR-01-03,2026-01-07 17:00:00,36.6734,32.2398,4.4336,12.0894,12,12,100.0
TR-01-03,2026-01-07 18:00:00,47.417,52.7079,-5.2909,-11.1582,12,11,91.6667
TR-01-03,2026-01-07 19:00:00,50.9489,41.9651,8.9838,17.633,12,12,100.0
TR-01-03,2026-01-07 20:00:00,48.9228,43.7821,5.1407,10.5078,12,12,100.0
TR-01-03,2026-01-07 21:00:00,50.1062,39.8355,10.2707,20.4979,12,11,91.6667
TR-01-03,2026-01-07 22:00:00,51.027,44.4891,6.5379,12.8126,12,12,100.0
TR-01-03,2026-01-07 23:00:00,27.3445,23.561,3.7835,13.8364,12,12,100.0
TR-02-01,2026-01-01 00:00:00,23.0499,19.0987,3.9512,17.1419,12,10,83.3333
TR-02-01,2026-01-01 01:00:00,24.2601,19.9088,4.3513,17.936,12,12,100.0
TR-02-01,2026-01-01 02:00:00,21.8756,18.5806,3.295,15.0624,12,12,100.0
TR-02-01,2026-01-01 03:00:00,20.79,18.1736,2.6164,12.5849,12,12,100.0
TR-02-01,2026-01-01 04:00:00,21.3915,19.1488,2.2427,10.4841,12,12,100.0
TR-02-01,2026-01-01 05:00:00,19.1755,17.7095,1.466,7.6452,12,12,100.0
TR-02-01,2026-01-01 06:00:00,35.1454,33.2649,1.8805,5.3506,12,12,100.0
TR-02-01,2026-01-01 07:00:00,40.3789,34.1369,6.242,15.4586,12,12,100.0
TR-02-01,2026-01-01 08:00:00,39.3023,35.9273,3.375,8.5873,12,12,100.0
TR-02-01,2026-01-01 09:00:00,48.6328,44.2149,4.4179,9.0842,12,12,100.0
TR-02-01,2026-01-01 10:00:00,48.1649,35.7791,12.3858,25.7154,12,11,91.6667
TR-02-01,2026-01-01 11:00:00,46.8733,43.9385,2.9348,6.2611,12,12,100.0
TR-02-01,2026-01-01 12:00:00,51.207,44.6994,6.5076,12.7084,12,12,100.0
TR-02-01,2026-01-01 13:00:00,44.3644,40.7666,3.5978,8.1097,12,12,100.0
TR-02-01,2026-01-01 14:00:00,49.9979,43.8724,6.1255,12.2515,12,12,100.0
TR-02-01,2026-01-01 15:00:00,51.9101,43.3222,8.5879,16.5438,12,12,100.0
TR-02-01,2026-01-01 16:00:00,42.4182,37.0614,5.3568,12.6285,12,11,91.6667
TR-02-01,2026-01-01 17:00:00,43.0632,39.2869,3.7763,8.7692,12,11,91.6667
TR-02-01,2026-01-01 18:00:00,67.9187,51.4346,16.4841,24.2703,12,10,83.3333
TR-02-01,2026-01-01 19:00:00,63.3329,55.5518,7.7811,12.286,12,12,100.0
TR-02-01,2026-01-01 20:00:00,61.5335,55.3367,6.1968,10.0706,12,12,100.0
TR-02-01,2026-01-01 21:00:00,63.3576,55.2052,8.1524,12.8673,12,11,91.6667
TR-02-01,2026-01-01 22:00:00,70.0594,58.913,11.1464,15.9099,12,12,100.0
TR-02-01,2026-01-01 23:00:00,38.4315,32.1455,6.286,16.3564,12,12,100.0
TR-02-01,2026-01-02 00:00:00,24.1798,12.5457,11.6341,48.115,12,8,66.6667
TR-02-01,2026-01-02 01:00:00,19.0449,18.2244,0.8205,4.3082,12,12,100.0
TR-02-01,2026-01-02 02:00:00,20.1763,17.323,2.8533,14.1418,12,12,100.0
TR-02-01,2026-01-02 03:00:00,20.2059,18.7055,1.5004,7.4256,12,12,100.0
TR-02-01,2026-01-02 04:00:00,22.9803,16.1697,6.8106,29.6367,12,11,91.6667
TR-02-01,2026-01-02 05:00:00,22.3094,18.6683,3.6411,16.3209,12,12,100.0
TR-02-01,2026-01-02 06:00:00,37.6462,27.8991,9.7471,25.8913,12,10,83.3333
TR-02-01,2026-01-02 07:00:00,38.5918,34.8129,3.7789,9.792,12,12,100.0
TR-02-01,2026-01-02 08:00:00,35.072,31.9868,3.0852,8.7968,12,11,91.6667
TR-02-01,2026-01-02 09:00:00,45.2283,41.5424,3.6859,8.1495,12,11,91.6667
TR-02-01,2026-01-02 10:00:00,49.9386,31.3761,18.5625,37.1706,12,10,83.3333
TR-02-01,2026-01-02 11:00:00,46.4015,40.9268,5.4747,11.7985,12,12,100.0
TR-02-01,2026-01-02 12:00:00,44.2193,38.0478,6.1715,13.9566,12,11,91.6667
TR-02-01,2026-01-02 13:00:00,45.3142,31.245,14.0692,31.0481,12,11,91.6667
TR-02-01,2026-01-02 14:00:00,51.1898,44.134,7.0558,13.7836,12,12,100.0
TR-02-01,2026-01-02 15:00:00,47.7553,43.8527,3.9026,8.1721,12,12,100.0
TR-02-01,2026-01-02 16:00:00,46.4087,71.2728,-24.8641,-53.5764,12,12,100.0
TR-02-01,2026-01-02 17:00:00,50.2351,41.9406,8.2945,16.5114,12,12,100.0
TR-02-01,2026-01-02 18:00:00,66.7439,59.8433,6.9006,10.3389,12,12,100.0
TR-02-01,2026-01-02 19:00:00,67.6989,59.2407,8.4582,12.4939,12,12,100.0
TR-02-01,2026-01-02 20:00:00,65.9509,48.1384,17.8125,27.0087,12,11,91.6667
TR-02-01,2026-01-02 21:00:00,61.9636,57.1119,4.8517,7.8299,12,12,100.0
TR-02-01,2026-01-02 22:00:00,66.4133,54.68,11.7333,17.6671,12,11,91.6667
TR-02-01,2026-01-02 23:00:00,36.1607,17.6903,18.4704,51.0787,12,11,91.6667
TR-02-01,2026-01-03 00:00:00,18.6083,17.5382,1.0701,5.7507,12,12,100.0
TR-02-01,2026-01-03 01:00:00,21.1973,17.4254,3.7719,17.7942,12,12,100.0
TR-02-01,2026-01-03 02:00:00,18.8456,16.102,2.7436,14.5583,12,12,100.0
TR-02-01,2026-01-03 03:00:00,19.088,17.4102,1.6778,8.7898,12,11,91.6667
TR-02-01,2026-01-03 04:00:00,18.5209,17.4862,1.0347,5.5867,12,12,100.0
TR-02-01,2026-01-03 05:00:00,19.6911,16.983,2.7081,13.7529,12,11,91.6667
TR-02-01,2026-01-03 06:00:00,34.8705,29.6304,5.2401,15.0273,12,11,91.6667
TR-02-01,2026-01-03 07:00:00,31.8154,29.9365,1.8789,5.9056,12,12,100.0
TR-02-01,2026-01-03 08:00:00,37.6493,30.7441,6.9052,18.3408,12,10,83.3333
TR-02-01,2026-01-03 09:00:00,44.861,37.4859,7.3751,16.4399,12,12,100.0
TR-02-01,2026-01-03 10:00:00,42.2699,30.6883,11.5816,27.3992,12,11,91.6667
TR-02-01,2026-01-03 11:00:00,45.0537,37.859,7.1947,15.9692,12,12,100.0
TR-02-01,2026-01-03 12:00:00,43.4034,39.7605,3.6429,8.3931,12,12,100.0
TR-02-01,2026-01-03 13:00:00,44.9671,42.8844,2.0827,4.6316,12,12,100.0
TR-02-01,2026-01-03 14:00:00,46.3167,50.6496,-4.3329,-9.3549,12,12,100.0
TR-02-01,2026-01-03 15:00:00,42.7242,35.4849,7.2393,16.9443,12,11,91.6667
TR-02-01,2026-01-03 16:00:00,40.8991,34.4272,6.4719,15.8241,12,12,100.0
TR-02-01,2026-01-03 17:00:00,46.9831,31.9732,15.0099,31.9474,12,11,91.6667
TR-02-01,2026-01-03 18:00:00,54.3896,50.382,4.0076,7.3683,12,11,91.6667
TR-02-01,2026-01-03 19:00:00,59.5643,51.7864,7.7779,13.058,12,11,91.6667
TR-02-01,2026-01-03 20:00:00,55.1716,52.3125,2.8591,5.1822,12,12,100.0
TR-02-01,2026-01-03 21:00:00,57.8465,50.5377,7.3088,12.6348,12,12,100.0
TR-02-01,2026-01-03 22:00:00,60.0789,50.5739,9.505,15.8209,12,11,91.6667
TR-02-01,2026-01-03 23:00:00,34.677,30.8156,3.8614,11.1353,12,12,100.0
TR-02-01,2026-01-04 00:00:00,19.3748,16.6656,2.7092,13.9831,12,12,100.0
TR-02-01,2026-01-04 01:00:00,18.5627,15.0339,3.5288,19.0102,12,10,83.3333
TR-02-01,2026-01-04 02:00:00,19.1328,16.1767,2.9561,15.4504,12,10,83.3333
TR-02-01,2026-01-04 03:00:00,19.9266,17.8232,2.1034,10.5557,12,12,100.0
TR-02-01,2026-01-04 04:00:00,17.9296,16.5445,1.3851,7.7252,12,12,100.0
TR-02-01,2026-01-04 05:00:00,19.2356,16.6131,2.6225,13.6336,12,12,100.0
TR-02-01,2026-01-04 06:00:00,41.2999,34.1557,7.1442,17.2983,12,12,100.0
TR-02-01,2026-01-04 07:00:00,34.9075,33.0976,1.8099,5.1848,12,12,100.0
TR-02-01,2026-01-04 08:00:00,34.9719,25.0144,9.9575,28.4729,12,11,91.6667
TR-02-01,2026-01-04 09:00:00,40.7186,34.6727,6.0459,14.848,12,11,91.6667
TR-02-01,2026-01-04 10:00:00,41.898,39.292,2.606,6.2199,12,12,100.0
TR-02-01,2026-01-04 11:00:00,42.1035,36.5215,5.582,13.2578,12,11,91.6667
TR-02-01,2026-01-04 12:00:00,46.2788,39.7096,6.5692,14.1948,12,12,100.0
TR-02-01,2026-01-04 13:00:00,43.258,38.9456,4.3124,9.969,12,12,100.0
TR-02-01,2026-01-04 14:00:00,39.1779,35.102,4.0759,10.4036,12,11,91.6667
TR-02-01,2026-01-04 15:00:00,42.1252,40.0039,2.1213,5.0357,12,12,100.0
TR-02-01,2026-01-04 16:00:00,40.0799,35.4376,4.6423,11.5826,12,12,100.0
TR-02-01,2026-01-04 17:00:00,40.875,38.0026,2.8724,7.0273,12,12,100.0
TR-02-01,2026-01-04 18:00:00,57.2399,50.5218,6.7181,11.7367,12,12,100.0
TR-02-01,2026-01-04 19:00:00,55.8404,51.8758,3.9646,7.0999,12,12,100.0
TR-02-01,2026-01-04 20:00:00,60.3417,40.8252,19.5165,32.3433,12,11,91.6667
TR-02-01,2026-01-04 21:00:00,59.6874,38.0711,21.6163,36.2159,12,10,83.3333
TR-02-01,2026-01-04 22:00:00,55.2078,51.3442,3.8636,6.9983,12,12,100.0
TR-02-01,2026-01-04 23:00:00,30.5886,27.9579,2.6307,8.6003,12,12,100.0
TR-02-01,2026-01-05 00:00:00,20.6831,18.2003,2.4828,12.004,12,11,91.6667
TR-02-01,2026-01-05 01:00:00,21.8804,18.9161,2.9643,13.5477,12,12,100.0
TR-02-01,2026-01-05 02:00:00,20.4255,19.0244,1.4011,6.8596,12,12,100.0
TR-02-01,2026-01-05 03:00:00,20.4126,17.902,2.5106,12.2993,12,12,100.0
TR-02-01,2026-01-05 04:00:00,24.3934,19.6516,4.7418,19.4389,12,11,91.6667
TR-02-01,2026-01-05 05:00:00,22.9524,20.5447,2.4077,10.49,12,12,100.0
TR-02-01,2026-01-05 06:00:00,43.3982,35.7675,7.6307,17.583,12,12,100.0
TR-02-01,2026-01-05 07:00:00,43.0418,35.4601,7.5817,17.6147,12,12,100.0
TR-02-01,2026-01-05 08:00:00,40.0401,35.195,4.8451,12.1006,12,12,100.0
TR-02-01,2026-01-05 09:00:00,49.2492,40.6319,8.6173,17.4973,12,12,100.0
TR-02-01,2026-01-05 10:00:00,42.5757,40.612,1.9637,4.6123,12,12,100.0
TR-02-01,2026-01-05 11:00:00,49.9927,39.8836,10.1091,20.2212,12,11,91.6667
TR-02-01,2026-01-05 12:00:00,47.8914,45.0531,2.8383,5.9265,12,12,100.0
TR-02-01,2026-01-05 13:00:00,43.5888,40.667,2.9218,6.7031,12,12,100.0
TR-02-01,2026-01-05 14:00:00,44.598,30.4288,14.1692,31.7709,12,10,83.3333
TR-02-01,2026-01-05 15:00:00,49.1237,45.9775,3.1462,6.4046,12,12,100.0
TR-02-01,2026-01-05 16:00:00,48.9733,40.9772,7.9961,16.3275,12,12,100.0
TR-02-01,2026-01-05 17:00:00,49.2395,66.0436,-16.8041,-34.1273,12,11,91.6667
TR-02-01,2026-01-05 18:00:00,66.0303,57.6838,8.3465,12.6404,12,12,100.0
TR-02-01,2026-01-05 19:00:00,64.6998,59.4039,5.2959,8.1853,12,12,100.0
TR-02-01,2026-01-05 20:00:00,61.6736,56.9356,4.738,7.6824,12,12,100.0
TR-02-01,2026-01-05 21:00:00,67.1027,55.9831,11.1196,16.571,12,12,100.0
TR-02-01,2026-01-05 22:00:00,65.8574,59.6933,6.1641,9.3598,12,12,100.0
TR-02-01,2026-01-05 23:00:00,39.4501,32.7536,6.6965,16.9746,12,12,100.0
TR-02-01,2026-01-06 00:00:00,20.1053,18.7042,1.4011,6.9688,12,12,100.0
TR-02-01,2026-01-06 01:00:00,20.5821,18.6773,1.9048,9.2546,12,12,100.0
TR-02-01,2026-01-06 02:00:00,21.1683,19.0114,2.1569,10.1893,12,12,100.0
TR-02-01,2026-01-06 03:00:00,21.7614,20.3555,1.4059,6.4605,12,12,100.0
TR-02-01,2026-01-06 04:00:00,21.1415,18.8557,2.2858,10.8119,12,11,91.6667
TR-02-01,2026-01-06 05:00:00,20.0898,18.3079,1.7819,8.8697,12,12,100.0
TR-02-01,2026-01-06 06:00:00,41.7303,34.9893,6.741,16.1537,12,12,100.0
TR-02-01,2026-01-06 07:00:00,37.7916,36.0502,1.7414,4.6079,12,12,100.0
TR-02-01,2026-01-06 08:00:00,38.716,35.1903,3.5257,9.1066,12,12,100.0
TR-02-01,2026-01-06 09:00:00,50.8403,42.3526,8.4877,16.6948,12,12,100.0
TR-02-01,2026-01-06 10:00:00,45.3867,41.5061,3.8806,8.5501,12,12,100.0
TR-02-01,2026-01-06 11:00:00,50.346,41.5433,8.8027,17.4844,12,11,91.6667
TR-02-01,2026-01-06 12:00:00,49.668,43.9736,5.6944,11.4649,12,12,100.0
TR-02-01,2026-01-06 13:00:00,47.4864,41.6532,5.8332,12.2839,12,12,100.0
TR-02-01,2026-01-06 14:00:00,48.3754,44.558,3.8174,7.8912,12,12,100.0
TR-02-01,2026-01-06 15:00:00,50.3193,45.9546,4.3647,8.674,12,12,100.0
TR-02-01,2026-01-06 16:00:00,44.5856,42.2315,2.3541,5.28,12,12,100.0
TR-02-01,2026-01-06 17:00:00,44.1017,39.5652,4.5365,10.2865,12,11,91.6667
TR-02-01,2026-01-06 18:00:00,68.0894,56.9917,11.0977,16.2987,12,12,100.0
TR-02-01,2026-01-06 19:00:00,59.6302,56.2335,3.3967,5.6963,12,12,100.0
TR-02-01,2026-01-06 20:00:00,63.4114,63.9641,-0.5527,-0.8716,12,12,100.0
TR-02-01,2026-01-06 21:00:00,60.1724,55.0372,5.1352,8.5341,12,12,100.0
TR-02-01,2026-01-06 22:00:00,62.3032,56.8028,5.5004,8.8284,12,12,100.0
TR-02-01,2026-01-06 23:00:00,33.7128,24.0384,9.6744,28.6965,12,11,91.6667
TR-02-01,2026-01-07 00:00:00,21.6248,32.8472,-11.2224,-51.896,12,12,100.0
TR-02-01,2026-01-07 01:00:00,21.4852,19.2543,2.2309,10.3834,12,11,91.6667
TR-02-01,2026-01-07 02:00:00,23.0942,19.003,4.0912,17.7153,12,12,100.0
TR-02-01,2026-01-07 03:00:00,21.5464,18.0389,3.5075,16.2788,12,10,83.3333
TR-02-01,2026-01-07 04:00:00,20.0178,18.0104,2.0074,10.0281,12,12,100.0
TR-02-01,2026-01-07 05:00:00,21.4051,18.8551,2.55,11.913,12,12,100.0
TR-02-01,2026-01-07 06:00:00,42.7018,35.073,7.6288,17.8653,12,12,100.0
TR-02-01,2026-01-07 07:00:00,36.902,32.2901,4.6119,12.4977,12,11,91.6667
TR-02-01,2026-01-07 08:00:00,40.4634,34.9587,5.5047,13.6041,12,12,100.0
TR-02-01,2026-01-07 09:00:00,54.5231,45.0414,9.4817,17.3902,12,12,100.0
TR-02-01,2026-01-07 10:00:00,50.9879,33.6451,17.3428,34.0136,12,11,91.6667
TR-02-01,2026-01-07 11:00:00,43.5742,41.168,2.4062,5.5221,12,12,100.0
TR-02-01,2026-01-07 12:00:00,48.5539,36.855,11.6989,24.0947,12,11,91.6667
TR-02-01,2026-01-07 13:00:00,44.037,30.8795,13.1575,29.8783,12,10,83.3333
TR-02-01,2026-01-07 14:00:00,47.2173,19.7266,27.4907,58.2217,12,8,66.6667
TR-02-01,2026-01-07 15:00:00,44.2355,40.6382,3.5973,8.1322,12,12,100.0
TR-02-01,2026-01-07 16:00:00,47.4237,32.1238,15.2999,32.2621,12,11,91.6667
TR-02-01,2026-01-07 17:00:00,48.4916,41.3527,7.1389,14.7219,12,12,100.0
TR-02-01,2026-01-07 18:00:00,61.1472,56.3828,4.7644,7.7917,12,12,100.0
TR-02-01,2026-01-07 19:00:00,65.4232,57.6187,7.8045,11.9293,12,12,100.0
TR-02-01,2026-01-07 20:00:00,65.3332,59.3822,5.951,9.1087,12,12,100.0
TR-02-01,2026-01-07 21:00:00,63.3198,58.5582,4.7616,7.5199,12,12,100.0
TR-02-01,2026-01-07 22:00:00,64.1918,54.7075,9.4843,14.7749,12,11,91.6667
TR-02-01,2026-01-07 23:00:00,35.8016,31.6365,4.1651,11.6338,12,12,100.0
TR-02-02,2026-01-01 00:00:00,25.8236,21.5889,4.2347,16.3986,12,12,100.0
TR-02-02,2026-01-01 01:00:00,24.3617,21.2964,3.0653,12.5825,12,12,100.0
TR-02-02,2026-01-01 02:00:00,23.2057,18.4146,4.7911,20.6462,12,11,91.6667
TR-02-02,2026-01-01 03:00:00,22.7648,20.6281,2.1367,9.386,12,11,91.6667
TR-02-02,2026-01-01 04:00:00,24.0966,21.1811,2.9155,12.0992,12,12,100.0
TR-02-02,2026-01-01 05:00:00,23.0773,20.2908,2.7865,12.0746,12,12,100.0
TR-02-02,2026-01-01 06:00:00,42.5454,35.2219,7.3235,17.2134,12,11,91.6667
TR-02-02,2026-01-01 07:00:00,40.6137,33.9335,6.6802,16.4481,12,11,91.6667
TR-02-02,2026-01-01 08:00:00,48.0747,36.1225,11.9522,24.8617,12,11,91.6667
TR-02-02,2026-01-01 09:00:00,53.5425,40.8148,12.7277,23.7712,12,11,91.6667
TR-02-02,2026-01-01 10:00:00,50.9304,48.0344,2.896,5.6862,12,12,100.0
TR-02-02,2026-01-01 11:00:00,48.2448,46.0459,2.1989,4.5578,12,12,100.0
TR-02-02,2026-01-01 12:00:00,50.5294,44.3523,6.1771,12.2248,12,12,100.0
TR-02-02,2026-01-01 13:00:00,53.4613,44.5909,8.8704,16.5922,12,12,100.0
TR-02-02,2026-01-01 14:00:00,54.1636,28.4174,25.7462,47.5341,12,10,83.3333
TR-02-02,2026-01-01 15:00:00,53.254,48.3984,4.8556,9.1178,12,12,100.0
TR-02-02,2026-01-01 16:00:00,56.0119,46.2839,9.728,17.3677,12,12,100.0
TR-02-02,2026-01-01 17:00:00,49.3583,47.0155,2.3428,4.7465,12,12,100.0
TR-02-02,2026-01-01 18:00:00,78.8608,66.1379,12.7229,16.1334,12,12,100.0
TR-02-02,2026-01-01 19:00:00,73.6131,62.9563,10.6568,14.4768,12,12,100.0
TR-02-02,2026-01-01 20:00:00,68.7946,62.2473,6.5473,9.5172,12,12,100.0
TR-02-02,2026-01-01 21:00:00,72.2058,63.5427,8.6631,11.9978,12,12,100.0
TR-02-02,2026-01-01 22:00:00,78.1999,65.6641,12.5358,16.0305,12,12,100.0
TR-02-02,2026-01-01 23:00:00,38.6085,35.3113,3.2972,8.5401,12,12,100.0
TR-02-02,2026-01-02 00:00:00,23.3393,40.1625,-16.8232,-72.081,12,12,100.0
TR-02-02,2026-01-02 01:00:00,24.9037,21.0409,3.8628,15.5109,12,12,100.0
TR-02-02,2026-01-02 02:00:00,25.3541,21.2685,4.0856,16.1142,12,12,100.0
TR-02-02,2026-01-02 03:00:00,22.8038,20.8881,1.9157,8.4008,12,12,100.0
TR-02-02,2026-01-02 04:00:00,23.7871,20.6319,3.1552,13.2643,12,12,100.0
TR-02-02,2026-01-02 05:00:00,24.1044,21.7349,2.3695,9.8302,12,12,100.0
TR-02-02,2026-01-02 06:00:00,42.157,38.3824,3.7746,8.9537,12,12,100.0
TR-02-02,2026-01-02 07:00:00,42.7881,26.2697,16.5184,38.6051,12,10,83.3333
TR-02-02,2026-01-02 08:00:00,47.3388,39.2994,8.0394,16.9827,12,12,100.0
TR-02-02,2026-01-02 09:00:00,53.1377,41.0392,12.0985,22.7682,12,10,83.3333
TR-02-02,2026-01-02 10:00:00,49.5679,46.415,3.1529,6.3608,12,12,100.0
TR-02-02,2026-01-02 11:00:00,56.1415,49.1526,6.9889,12.4487,12,12,100.0
TR-02-02,2026-01-02 12:00:00,51.026,48.0701,2.9559,5.7929,12,12,100.0
TR-02-02,2026-01-02 13:00:00,51.8553,41.0576,10.7977,20.8228,12,12,100.0
TR-02-02,2026-01-02 14:00:00,49.7702,46.0495,3.7207,7.4758,12,11,91.6667
TR-02-02,2026-01-02 15:00:00,53.1031,46.7494,6.3537,11.9648,12,12,100.0
TR-02-02,2026-01-02 16:00:00,53.6955,45.4853,8.2102,15.2903,12,12,100.0
TR-02-02,2026-01-02 17:00:00,50.4899,43.3754,7.1145,14.0909,12,11,91.6667
TR-02-02,2026-01-02 18:00:00,72.3426,47.1896,25.153,34.7693,12,11,91.6667
TR-02-02,2026-01-02 19:00:00,76.6352,71.7212,4.914,6.4122,12,12,100.0
TR-02-02,2026-01-02 20:00:00,72.3466,64.1089,8.2377,11.3864,12,12,100.0
TR-02-02,2026-01-02 21:00:00,77.3558,70.8413,6.5145,8.4215,12,12,100.0
TR-02-02,2026-01-02 22:00:00,78.4843,67.7819,10.7024,13.6364,12,12,100.0
TR-02-02,2026-01-02 23:00:00,43.506,36.2165,7.2895,16.7552,12,12,100.0
TR-02-02,2026-01-03 00:00:00,22.4097,19.472,2.9377,13.1091,12,12,100.0
TR-02-02,2026-01-03 01:00:00,24.119,20.0002,4.1188,17.077,12,11,91.6667
TR-02-02,2026-01-03 02:00:00,25.2693,21.5864,3.6829,14.5746,12,12,100.0
TR-02-02,2026-01-03 03:00:00,22.679,19.9121,2.7669,12.2003,12,12,100.0
TR-02-02,2026-01-03 04:00:00,21.23,18.7286,2.5014,11.7824,12,12,100.0
TR-02-02,2026-01-03 05:00:00,22.4526,19.9051,2.5475,11.3461,12,12,100.0
TR-02-02,2026-01-03 06:00:00,40.3964,37.529,2.8674,7.0982,12,12,100.0
TR-02-02,2026-01-03 07:00:00,41.7387,35.7175,6.0212,14.4259,12,12,100.0
TR-02-02,2026-01-03 08:00:00,41.3053,38.1056,3.1997,7.7465,12,12,100.0
TR-02-02,2026-01-03 09:00:00,53.0953,44.2869,8.8084,16.5898,12,12,100.0
TR-02-02,2026-01-03 10:00:00,47.1302,42.6002,4.53,9.6117,12,11,91.6667
TR-02-02,2026-01-03 11:00:00,49.3174,47.9497,1.3677,2.7733,12,12,100.0
TR-02-02,2026-01-03 12:00:00,48.7275,41.5647,7.1628,14.6997,12,12,100.0
TR-02-02,2026-01-03 13:00:00,49.6078,37.0097,12.5981,25.3954,12,12,100.0
TR-02-02,2026-01-03 14:00:00,48.0096,43.2247,4.7849,9.9665,12,12,100.0
TR-02-02,2026-01-03 15:00:00,49.1106,43.3871,5.7235,11.6543,12,12,100.0
TR-02-02,2026-01-03 16:00:00,54.5254,43.1948,11.3306,20.7804,12,11,91.6667
TR-02-02,2026-01-03 17:00:00,49.6984,42.624,7.0744,14.2347,12,12,100.0
TR-02-02,2026-01-03 18:00:00,71.6583,59.2333,12.425,17.3392,12,12,100.0
TR-02-02,2026-01-03 19:00:00,58.8805,54.4127,4.4678,7.5879,12,12,100.0
TR-02-02,2026-01-03 20:00:00,61.0034,55.4713,5.5321,9.0685,12,12,100.0
TR-02-02,2026-01-03 21:00:00,65.7006,59.8212,5.8794,8.9488,12,12,100.0
TR-02-02,2026-01-03 22:00:00,64.1003,58.2409,5.8594,9.141,12,12,100.0
TR-02-02,2026-01-03 23:00:00,36.2281,31.1582,5.0699,13.9944,12,11,91.6667
TR-02-02,2026-01-04 00:00:00,23.4435,20.9348,2.5087,10.701,12,12,100.0
TR-02-02,2026-01-04 01:00:00,20.3909,19.2506,1.1403,5.5922,12,12,100.0
TR-02-02,2026-01-04 02:00:00,23.0106,19.7376,3.273,14.2239,12,12,100.0
TR-02-02,2026-01-04 03:00:00,23.2312,19.4324,3.7988,16.3521,12,11,91.6667
TR-02-02,2026-01-04 04:00:00,24.3366,20.2035,4.1331,16.9831,12,11,91.6667
TR-02-02,2026-01-04 05:00:00,22.6604,19.9562,2.7042,11.9336,12,11,91.6667
TR-02-02,2026-01-04 06:00:00,39.8926,37.1537,2.7389,6.8657,12,12,100.0
TR-02-02,2026-01-04 07:00:00,40.3769,32.08,8.2969,20.5486,12,11,91.6667
TR-02-02,2026-01-04 08:00:00,42.2501,35.6841,6.566,15.5408,12,11,91.6667
TR-02-02,2026-01-04 09:00:00,50.7398,44.5771,6.1627,12.1457,12,12,100.0
TR-02-02,2026-01-04 10:00:00,55.7246,44.4471,11.2775,20.2379,12,11,91.6667
TR-02-02,2026-01-04 11:00:00,48.9215,37.8011,11.1204,22.7311,12,11,91.6667
TR-02-02,2026-01-04 12:00:00,44.2611,41.0051,3.256,7.3563,12,11,91.6667
TR-02-02,2026-01-04 13:00:00,55.2662,46.459,8.8072,15.936,12,12,100.0
TR-02-02,2026-01-04 14:00:00,46.0917,42.7426,3.3491,7.2662,12,12,100.0
TR-02-02,2026-01-04 15:00:00,50.528,46.6217,3.9063,7.731,12,12,100.0
TR-02-02,2026-01-04 16:00:00,54.5136,45.166,9.3476,17.1473,12,12,100.0
TR-02-02,2026-01-04 17:00:00,49.6944,41.8681,7.8263,15.7489,12,10,83.3333
TR-02-02,2026-01-04 18:00:00,66.0037,58.8968,7.1069,10.7674,12,12,100.0
TR-02-02,2026-01-04 19:00:00,66.6559,56.3037,10.3522,15.5308,12,12,100.0
TR-02-02,2026-01-04 20:00:00,69.8467,60.4354,9.4113,13.4742,12,12,100.0
TR-02-02,2026-01-04 21:00:00,71.8122,60.8914,10.9208,15.2074,12,12,100.0
TR-02-02,2026-01-04 22:00:00,70.4024,58.2017,12.2007,17.3299,12,12,100.0
TR-02-02,2026-01-04 23:00:00,38.2779,33.2684,5.0095,13.0872,12,12,100.0
TR-02-02,2026-01-05 00:00:00,26.1768,21.6422,4.5346,17.323,12,12,100.0
TR-02-02,2026-01-05 01:00:00,26.2753,20.1376,6.1377,23.3592,12,12,100.0
TR-02-02,2026-01-05 02:00:00,23.7736,22.6946,1.079,4.5386,12,12,100.0
TR-02-02,2026-01-05 03:00:00,24.0425,20.7731,3.2694,13.5984,12,11,91.6667
TR-02-02,2026-01-05 04:00:00,23.5302,21.7557,1.7745,7.5414,12,12,100.0
TR-02-02,2026-01-05 05:00:00,25.4186,20.1871,5.2315,20.5814,12,10,83.3333
TR-02-02,2026-01-05 06:00:00,45.4066,41.4672,3.9394,8.6758,12,12,100.0
TR-02-02,2026-01-05 07:00:00,48.3285,40.2787,8.0498,16.6564,12,11,91.6667
TR-02-02,2026-01-05 08:00:00,44.0373,39.2867,4.7506,10.7877,12,12,100.0
TR-02-02,2026-01-05 09:00:00,54.0263,48.0902,5.9361,10.9874,12,12,100.0
TR-02-02,2026-01-05 10:00:00,52.2461,47.5862,4.6599,8.9191,12,12,100.0
TR-02-02,2026-01-05 11:00:00,57.7612,48.971,8.7902,15.2182,12,12,100.0
TR-02-02,2026-01-05 12:00:00,59.2268,48.7615,10.4653,17.6699,12,12,100.0
TR-02-02,2026-01-05 13:00:00,51.7712,47.1644,4.6068,8.8984,12,12,100.0
TR-02-02,2026-01-05 14:00:00,54.6118,46.3547,8.2571,15.1196,12,12,100.0
TR-02-02,2026-01-05 15:00:00,51.4989,44.6324,6.8665,13.3333,12,11,91.6667
TR-02-02,2026-01-05 16:00:00,49.0995,37.7633,11.3362,23.0882,12,11,91.6667
TR-02-02,2026-01-05 17:00:00,49.5264,47.2281,2.2983,4.6406,12,12,100.0
TR-02-02,2026-01-05 18:00:00,67.0305,64.298,2.7325,4.0765,12,12,100.0
TR-02-02,2026-01-05 19:00:00,74.8128,63.9075,10.9053,14.5768,12,12,100.0
TR-02-02,2026-01-05 20:00:00,69.3328,64.5894,4.7434,6.8415,12,12,100.0
TR-02-02,2026-01-05 21:00:00,71.9355,62.1734,9.7621,13.5706,12,12,100.0
TR-02-02,2026-01-05 22:00:00,71.4097,65.4799,5.9298,8.3039,12,12,100.0
TR-02-02,2026-01-05 23:00:00,39.7501,34.6122,5.1379,12.9255,12,12,100.0
TR-02-02,2026-01-06 00:00:00,21.4575,20.2794,1.1781,5.4904,12,12,100.0
TR-02-02,2026-01-06 01:00:00,21.8458,18.5664,3.2794,15.0116,12,10,83.3333
TR-02-02,2026-01-06 02:00:00,23.9646,21.5749,2.3897,9.9718,12,12,100.0
TR-02-02,2026-01-06 03:00:00,25.9677,21.1108,4.8569,18.7036,12,11,91.6667
TR-02-02,2026-01-06 04:00:00,22.6644,21.455,1.2094,5.3361,12,12,100.0
TR-02-02,2026-01-06 05:00:00,23.5413,21.5753,1.966,8.3513,12,12,100.0
TR-02-02,2026-01-06 06:00:00,47.9238,39.5744,8.3494,17.4222,12,12,100.0
TR-02-02,2026-01-06 07:00:00,41.5093,38.9311,2.5782,6.2111,12,12,100.0
TR-02-02,2026-01-06 08:00:00,41.1772,37.8512,3.326,8.0773,12,12,100.0
TR-02-02,2026-01-06 09:00:00,54.8016,47.5857,7.2159,13.1673,12,12,100.0
TR-02-02,2026-01-06 10:00:00,51.531,49.3857,2.1453,4.1631,12,12,100.0
TR-02-02,2026-01-06 11:00:00,50.4655,47.7785,2.687,5.3244,12,12,100.0
TR-02-02,2026-01-06 12:00:00,47.6955,44.6676,3.0279,6.3484,12,12,100.0
TR-02-02,2026-01-06 13:00:00,46.8649,49.5093,-2.6444,-5.6426,12,11,91.6667
TR-02-02,2026-01-06 14:00:00,56.6132,47.4526,9.1606,16.181,12,12,100.0
TR-02-02,2026-01-06 15:00:00,51.0208,35.9355,15.0853,29.567,12,10,83.3333
TR-02-02,2026-01-06 16:00:00,58.9799,47.1441,11.8358,20.0675,12,12,100.0
TR-02-02,2026-01-06 17:00:00,50.1935,45.4255,4.768,9.4992,12,12,100.0
TR-02-02,2026-01-06 18:00:00,75.2761,88.5187,-13.2426,-17.592,12,12,100.0
TR-02-02,2026-01-06 19:00:00,75.6097,65.6686,9.9411,13.1479,12,12,100.0
TR-02-02,2026-01-06 20:00:00,79.2941,56.1876,23.1065,29.1403,12,11,91.6667
TR-02-02,2026-01-06 21:00:00,69.669,59.8533,9.8157,14.089,12,12,100.0
TR-02-02,2026-01-06 22:00:00,68.9424,65.8693,3.0731,4.4575,12,12,100.0
TR-02-02,2026-01-06 23:00:00,39.9395,35.9136,4.0259,10.08,12,12,100.0
TR-02-02,2026-01-07 00:00:00,24.4074,20.0905,4.3169,17.6868,12,12,100.0
TR-02-02,2026-01-07 01:00:00,21.1367,19.4273,1.7094,8.0874,12,12,100.0
TR-02-02,2026-01-07 02:00:00,23.6114,20.7705,2.8409,12.0319,12,12,100.0
TR-02-02,2026-01-07 03:00:00,26.1379,21.614,4.5239,17.3078,12,12,100.0
TR-02-02,2026-01-07 04:00:00,23.7082,22.2879,1.4203,5.9908,12,12,100.0
TR-02-02,2026-01-07 05:00:00,24.2837,24.8122,-0.5285,-2.1764,12,12,100.0
TR-02-02,2026-01-07 06:00:00,48.0721,40.209,7.8631,16.3569,12,12,100.0
TR-02-02,2026-01-07 07:00:00,43.8982,41.6109,2.2873,5.2105,12,12,100.0
TR-02-02,2026-01-07 08:00:00,46.9358,42.5091,4.4267,9.4314,12,12,100.0
TR-02-02,2026-01-07 09:00:00,47.4763,45.2649,2.2114,4.6579,12,12,100.0
TR-02-02,2026-01-07 10:00:00,55.1901,50.4195,4.7706,8.6439,12,12,100.0
TR-02-02,2026-01-07 11:00:00,52.7031,48.5177,4.1854,7.9415,12,12,100.0
TR-02-02,2026-01-07 12:00:00,53.7094,45.6142,8.0952,15.0722,12,12,100.0
TR-02-02,2026-01-07 13:00:00,55.2458,47.6206,7.6252,13.8023,12,12,100.0
TR-02-02,2026-01-07 14:00:00,54.3717,46.923,7.4487,13.6996,12,12,100.0
TR-02-02,2026-01-07 15:00:00,50.704,35.5079,15.1961,29.9702,12,11,91.6667
TR-02-02,2026-01-07 16:00:00,51.0428,46.2667,4.7761,9.357,12,12,100.0
TR-02-02,2026-01-07 17:00:00,52.5615,44.2195,8.342,15.8709,12,11,91.6667
TR-02-02,2026-01-07 18:00:00,68.9392,63.8944,5.0448,7.3178,12,12,100.0
TR-02-02,2026-01-07 19:00:00,72.7461,60.6974,12.0487,16.5627,12,11,91.6667
TR-02-02,2026-01-07 20:00:00,70.2312,60.2381,9.9931,14.2289,12,12,100.0
TR-02-02,2026-01-07 21:00:00,74.8637,61.7014,13.1623,17.5817,12,12,100.0
TR-02-02,2026-01-07 22:00:00,67.8774,85.438,-17.5606,-25.8711,12,12,100.0
TR-02-02,2026-01-07 23:00:00,39.0947,36.5957,2.499,6.3922,12,12,100.0
TR-02-03,2026-01-01 00:00:00,38.692,31.9621,6.7299,17.3935,12,12,100.0
TR-02-03,2026-01-01 01:00:00,37.6933,31.8881,5.8052,15.4011,12,12,100.0
TR-02-03,2026-01-01 02:00:00,35.0381,31.1465,3.8916,11.1068,12,12,100.0
TR-02-03,2026-01-01 03:00:00,33.3888,23.4173,9.9715,29.8648,12,10,83.3333
TR-02-03,2026-01-01 04:00:00,36.3915,26.6839,9.7076,26.6755,12,10,83.3333
TR-02-03,2026-01-01 05:00:00,38.6297,33.0058,5.6239,14.5585,12,12,100.0
TR-02-03,2026-01-01 06:00:00,64.7544,60.2612,4.4932,6.9388,12,12,100.0
TR-02-03,2026-01-01 07:00:00,63.2039,60.0087,3.1952,5.0554,12,12,100.0
TR-02-03,2026-01-01 08:00:00,65.0058,84.5044,-19.4986,-29.9952,12,9,75.0
TR-02-03,2026-01-01 09:00:00,74.5893,70.7535,3.8358,5.1426,12,12,100.0
TR-02-03,2026-01-01 10:00:00,79.1693,72.912,6.2573,7.9037,12,12,100.0
TR-02-03,2026-01-01 11:00:00,78.3634,73.4971,4.8663,6.2099,12,12,100.0
TR-02-03,2026-01-01 12:00:00,86.2601,71.1128,15.1473,17.56,12,12,100.0
TR-02-03,2026-01-01 13:00:00,71.0651,66.949,4.1161,5.792,12,12,100.0
TR-02-03,2026-01-01 14:00:00,76.4155,72.7858,3.6297,4.75,12,12,100.0
TR-02-03,2026-01-01 15:00:00,88.9506,73.594,15.3566,17.2642,12,12,100.0
TR-02-03,2026-01-01 16:00:00,82.4737,54.877,27.5967,33.4612,12,10,83.3333
TR-02-03,2026-01-01 17:00:00,75.4293,71.5613,3.868,5.128,12,12,100.0
TR-02-03,2026-01-01 18:00:00,115.7851,95.9764,19.8087,17.1082,12,12,100.0
TR-02-03,2026-01-01 19:00:00,111.5545,93.3802,18.1743,16.2919,12,12,100.0
TR-02-03,2026-01-01 20:00:00,110.4183,100.7957,9.6226,8.7147,12,12,100.0
TR-02-03,2026-01-01 21:00:00,112.4893,97.1144,15.3749,13.6679,12,12,100.0
TR-02-03,2026-01-01 22:00:00,106.0858,99.0681,7.0177,6.6151,12,12,100.0
TR-02-03,2026-01-01 23:00:00,61.1579,55.1402,6.0177,9.8396,12,12,100.0
TR-02-03,2026-01-02 00:00:00,41.6572,29.0744,12.5828,30.2056,12,10,83.3333
TR-02-03,2026-01-02 01:00:00,40.1539,33.1457,7.0082,17.4533,12,12,100.0
TR-02-03,2026-01-02 02:00:00,36.8365,31.8203,5.0162,13.6175,12,12,100.0
TR-02-03,2026-01-02 03:00:00,33.357,32.0043,1.3527,4.0552,12,12,100.0
TR-02-03,2026-01-02 04:00:00,38.7577,41.304,-2.5463,-6.5698,12,12,100.0
TR-02-03,2026-01-02 05:00:00,33.1526,27.2078,5.9448,17.9316,12,11,91.6667
TR-02-03,2026-01-02 06:00:00,64.5124,57.0742,7.4382,11.5299,12,11,91.6667
TR-02-03,2026-01-02 07:00:00,63.7215,60.8544,2.8671,4.4994,12,12,100.0
TR-02-03,2026-01-02 08:00:00,67.4398,61.629,5.8108,8.6163,12,11,91.6667
TR-02-03,2026-01-02 09:00:00,78.6876,71.374,7.3136,9.2945,12,12,100.0
TR-02-03,2026-01-02 10:00:00,86.262,72.0173,14.2447,16.5133,12,11,91.6667
TR-02-03,2026-01-02 11:00:00,79.5721,71.9812,7.5909,9.5397,12,12,100.0
TR-02-03,2026-01-02 12:00:00,87.011,71.4051,15.6059,17.9355,12,11,91.6667
TR-02-03,2026-01-02 13:00:00,78.8017,68.8242,9.9775,12.6615,12,10,83.3333
TR-02-03,2026-01-02 14:00:00,83.3191,72.4914,10.8277,12.9955,12,12,100.0
TR-02-03,2026-01-02 15:00:00,79.0732,67.219,11.8542,14.9914,12,12,100.0
TR-02-03,2026-01-02 16:00:00,82.2065,72.2672,9.9393,12.0906,12,12,100.0
TR-02-03,2026-01-02 17:00:00,84.0099,70.987,13.0229,15.5016,12,12,100.0
TR-02-03,2026-01-02 18:00:00,119.681,99.6297,20.0513,16.754,12,12,100.0
TR-02-03,2026-01-02 19:00:00,118.2764,101.5998,16.6766,14.0997,12,12,100.0
TR-02-03,2026-01-02 20:00:00,101.4622,101.6253,-0.1631,-0.1607,12,12,100.0
TR-02-03,2026-01-02 21:00:00,118.4724,89.2068,29.2656,24.7025,12,11,91.6667
TR-02-03,2026-01-02 22:00:00,107.8598,93.7712,14.0886,13.062,12,11,91.6667
TR-02-03,2026-01-02 23:00:00,62.8536,53.1399,9.7137,15.4545,12,12,100.0
TR-02-03,2026-01-03 00:00:00,28.9695,27.6912,1.2783,4.4126,12,12,100.0
TR-02-03,2026-01-03 01:00:00,34.7067,32.0279,2.6788,7.7184,12,12,100.0
TR-02-03,2026-01-03 02:00:00,32.5829,30.0731,2.5098,7.7028,12,12,100.0
TR-02-03,2026-01-03 03:00:00,35.5264,30.6952,4.8312,13.5989,12,12,100.0
TR-02-03,2026-01-03 04:00:00,33.0656,30.3685,2.6971,8.1568,12,11,91.6667
TR-02-03,2026-01-03 05:00:00,31.1996,29.0394,2.1602,6.9238,12,12,100.0
TR-02-03,2026-01-03 06:00:00,73.0178,57.0846,15.9332,21.821,12,11,91.6667
TR-02-03,2026-01-03 07:00:00,55.9681,49.6238,6.3443,11.3356,12,11,91.6667
TR-02-03,2026-01-03 08:00:00,60.5429,58.6964,1.8465,3.0499,12,12,100.0
TR-02-03,2026-01-03 09:00:00,74.6103,66.9451,7.6652,10.2736,12,11,91.6667
TR-02-03,2026-01-03 10:00:00,73.3393,67.8869,5.4524,7.4345,12,12,100.0
TR-02-03,2026-01-03 11:00:00,73.1191,67.7611,5.358,7.3278,12,12,100.0
TR-02-03,2026-01-03 12:00:00,72.0859,64.043,8.0429,11.1574,12,11,91.6667
TR-02-03,2026-01-03 13:00:00,72.0956,61.9809,10.1147,14.0296,12,11,91.6667
TR-02-03,2026-01-03 14:00:00,69.877,66.0952,3.7818,5.4121,12,12,100.0
TR-02-03,2026-01-03 15:00:00,72.6649,66.8792,5.7857,7.9622,12,12,100.0
TR-02-03,2026-01-03 16:00:00,75.9364,65.8916,10.0448,13.2279,12,12,100.0
TR-02-03,2026-01-03 17:00:00,71.6936,53.4748,18.2188,25.412,12,11,91.6667
TR-02-03,2026-01-03 18:00:00,101.121,87.8564,13.2646,13.1176,12,11,91.6667
TR-02-03,2026-01-03 19:00:00,95.246,85.0229,10.2231,10.7334,12,12,100.0
TR-02-03,2026-01-03 20:00:00,95.6517,119.3772,-23.7255,-24.8041,12,12,100.0
TR-02-03,2026-01-03 21:00:00,96.8314,87.8869,8.9445,9.2372,12,12,100.0
TR-02-03,2026-01-03 22:00:00,99.9895,91.3848,8.6047,8.6056,12,12,100.0
TR-02-03,2026-01-03 23:00:00,59.9096,50.1302,9.7794,16.3236,12,12,100.0
TR-02-03,2026-01-04 00:00:00,34.5655,26.6201,7.9454,22.9865,12,12,100.0
TR-02-03,2026-01-04 01:00:00,32.5782,30.2684,2.3098,7.09,12,12,100.0
TR-02-03,2026-01-04 02:00:00,35.3972,29.1889,6.2083,17.539,12,12,100.0
TR-02-03,2026-01-04 03:00:00,31.9939,25.0163,6.9776,21.8092,12,11,91.6667
TR-02-03,2026-01-04 04:00:00,35.3554,26.851,8.5044,24.054,12,11,91.6667
TR-02-03,2026-01-04 05:00:00,32.8441,24.8076,8.0365,24.4686,12,11,91.6667
TR-02-03,2026-01-04 06:00:00,66.8563,56.0497,10.8066,16.1639,12,12,100.0
TR-02-03,2026-01-04 07:00:00,64.2316,52.7641,11.4675,17.8534,12,12,100.0
TR-02-03,2026-01-04 08:00:00,61.5964,56.4143,5.1821,8.413,12,11,91.6667
TR-02-03,2026-01-04 09:00:00,75.4165,97.8642,-22.4477,-29.765,12,11,91.6667
TR-02-03,2026-01-04 10:00:00,82.5918,69.025,13.5668,16.4263,12,12,100.0
TR-02-03,2026-01-04 11:00:00,74.2993,63.9389,10.3604,13.9441,12,12,100.0
TR-02-03,2026-01-04 12:00:00,82.2303,65.8503,16.38,19.9197,12,12,100.0
TR-02-03,2026-01-04 13:00:00,75.8144,67.733,8.0814,10.6595,12,12,100.0
TR-02-03,2026-01-04 14:00:00,80.4787,58.8716,21.6071,26.8482,12,11,91.6667
TR-02-03,2026-01-04 15:00:00,68.1275,64.7084,3.4191,5.0187,12,12,100.0
TR-02-03,2026-01-04 16:00:00,70.0552,53.0515,17.0037,24.2719,12,11,91.6667
TR-02-03,2026-01-04 17:00:00,72.6636,55.8829,16.7807,23.0937,12,11,91.6667
TR-02-03,2026-01-04 18:00:00,100.9773,91.397,9.5803,9.4876,12,12,100.0
TR-02-03,2026-01-04 19:00:00,100.6265,90.7855,9.841,9.7797,12,12,100.0
TR-02-03,2026-01-04 20:00:00,110.5426,90.8162,19.7264,17.8451,12,12,100.0
TR-02-03,2026-01-04 21:00:00,100.8525,95.1321,5.7204,5.672,12,12,100.0
TR-02-03,2026-01-04 22:00:00,105.2526,88.5899,16.6627,15.8312,12,12,100.0
TR-02-03,2026-01-04 23:00:00,56.6908,48.0264,8.6644,15.2836,12,12,100.0
TR-02-03,2026-01-05 00:00:00,36.4126,31.664,4.7486,13.0411,12,12,100.0
TR-02-03,2026-01-05 01:00:00,38.5453,28.6938,9.8515,25.5582,12,11,91.6667
TR-02-03,2026-01-05 02:00:00,35.9184,29.8195,6.0989,16.9799,12,12,100.0
TR-02-03,2026-01-05 03:00:00,36.73,32.0081,4.7219,12.8557,12,12,100.0
TR-02-03,2026-01-05 04:00:00,38.6039,33.1693,5.4346,14.0779,12,12,100.0
TR-02-03,2026-01-05 05:00:00,35.2506,30.8218,4.4288,12.5638,12,11,91.6667
TR-02-03,2026-01-05 06:00:00,69.1867,58.7293,10.4574,15.1148,12,12,100.0
TR-02-03,2026-01-05 07:00:00,64.2923,59.3356,4.9567,7.7096,12,12,100.0
TR-02-03,2026-01-05 08:00:00,64.8141,61.7228,3.0913,4.7695,12,12,100.0
TR-02-03,2026-01-05 09:00:00,87.3619,76.0238,11.3381,12.9783,12,12,100.0
TR-02-03,2026-01-05 10:00:00,77.5063,71.1191,6.3872,8.2409,12,12,100.0
TR-02-03,2026-01-05 11:00:00,83.6815,70.0399,13.6416,16.3018,12,12,100.0
TR-02-03,2026-01-05 12:00:00,85.7036,47.9284,37.7752,44.0766,12,9,75.0
TR-02-03,2026-01-05 13:00:00,79.4237,72.9344,6.4893,8.1705,12,12,100.0
TR-02-03,2026-01-05 14:00:00,81.8768,72.4685,9.4083,11.4908,12,12,100.0
TR-02-03,2026-01-05 15:00:00,76.9592,69.7747,7.1845,9.3355,12,12,100.0
TR-02-03,2026-01-05 16:00:00,77.3819,107.3538,-29.9719,-38.7324,12,12,100.0
TR-02-03,2026-01-05 17:00:00,86.9966,107.4846,-20.488,-23.5503,12,12,100.0
TR-02-03,2026-01-05 18:00:00,120.1214,99.2003,20.9211,17.4166,12,12,100.0
TR-02-03,2026-01-05 19:00:00,103.8737,96.165,7.7087,7.4212,12,12,100.0
TR-02-03,2026-01-05 20:00:00,112.7792,95.2899,17.4893,15.5076,12,12,100.0
TR-02-03,2026-01-05 21:00:00,110.46,83.7832,26.6768,24.1506,12,12,100.0
TR-02-03,2026-01-05 22:00:00,102.9193,85.5112,17.4081,16.9143,12,10,83.3333
TR-02-03,2026-01-05 23:00:00,63.927,50.0193,13.9077,21.7556,12,11,91.6667
TR-02-03,2026-01-06 00:00:00,37.9324,32.5139,5.4185,14.2846,12,12,100.0
TR-02-03,2026-01-06 01:00:00,39.1184,33.4526,5.6658,14.4837,12,11,91.6667
TR-02-03,2026-01-06 02:00:00,34.1603,32.1425,2.0178,5.9069,12,11,91.6667
TR-02-03,2026-01-06 03:00:00,34.7702,30.6725,4.0977,11.7851,12,12,100.0
TR-02-03,2026-01-06 04:00:00,37.6108,32.2202,5.3906,14.3326,12,12,100.0
TR-02-03,2026-01-06 05:00:00,38.1848,31.4169,6.7679,17.7241,12,12,100.0
TR-02-03,2026-01-06 06:00:00,73.3575,62.1622,11.1953,15.2613,12,12,100.0
TR-02-03,2026-01-06 07:00:00,77.3547,63.8022,13.5525,17.5199,12,12,100.0
TR-02-03,2026-01-06 08:00:00,72.6172,60.9284,11.6888,16.0965,12,12,100.0
TR-02-03,2026-01-06 09:00:00,86.8354,73.5987,13.2367,15.2434,12,12,100.0
TR-02-03,2026-01-06 10:00:00,75.0303,66.9661,8.0642,10.7479,12,12,100.0
TR-02-03,2026-01-06 11:00:00,80.1576,70.063,10.0946,12.5934,12,12,100.0
TR-02-03,2026-01-06 12:00:00,87.608,74.282,13.326,15.2109,12,11,91.6667
TR-02-03,2026-01-06 13:00:00,89.3578,118.1257,-28.7679,-32.1941,12,12,100.0
TR-02-03,2026-01-06 14:00:00,84.0051,72.5988,11.4063,13.5781,12,12,100.0
TR-02-03,2026-01-06 15:00:00,79.8562,74.7489,5.1073,6.3956,12,12,100.0
TR-02-03,2026-01-06 16:00:00,73.5367,69.9845,3.5522,4.8305,12,12,100.0
TR-02-03,2026-01-06 17:00:00,76.9922,70.1231,6.8691,8.9218,12,12,100.0
TR-02-03,2026-01-06 18:00:00,111.4622,99.8528,11.6094,10.4155,12,12,100.0
TR-02-03,2026-01-06 19:00:00,106.1698,94.3712,11.7986,11.113,12,12,100.0
TR-02-03,2026-01-06 20:00:00,115.767,91.9823,23.7847,20.5453,12,11,91.6667
TR-02-03,2026-01-06 21:00:00,115.8094,95.6697,20.1397,17.3904,12,12,100.0
TR-02-03,2026-01-06 22:00:00,106.5717,95.0361,11.5356,10.8243,12,12,100.0
TR-02-03,2026-01-06 23:00:00,54.3168,51.9031,2.4137,4.4437,12,12,100.0
TR-02-03,2026-01-07 00:00:00,33.877,28.578,5.299,15.6419,12,11,91.6667
TR-02-03,2026-01-07 01:00:00,36.0789,31.2434,4.8355,13.4026,12,12,100.0
TR-02-03,2026-01-07 02:00:00,34.6932,29.4913,5.2019,14.994,12,11,91.6667
TR-02-03,2026-01-07 03:00:00,38.8077,31.3416,7.4661,19.2387,12,11,91.6667
TR-02-03,2026-01-07 04:00:00,34.2849,27.759,6.5259,19.0343,12,12,100.0
TR-02-03,2026-01-07 05:00:00,34.2832,32.4168,1.8664,5.4441,12,12,100.0
TR-02-03,2026-01-07 06:00:00,67.3813,68.8769,-1.4956,-2.2196,12,12,100.0
TR-02-03,2026-01-07 07:00:00,71.716,51.4908,20.2252,28.2018,12,11,91.6667
TR-02-03,2026-01-07 08:00:00,67.3339,58.4334,8.9005,13.2185,12,12,100.0
TR-02-03,2026-01-07 09:00:00,78.8906,62.7689,16.1217,20.4355,12,11,91.6667
TR-02-03,2026-01-07 10:00:00,75.733,70.3586,5.3744,7.0965,12,12,100.0
TR-02-03,2026-01-07 11:00:00,74.5765,71.2469,3.3296,4.4647,12,12,100.0
TR-02-03,2026-01-07 12:00:00,87.7379,64.0194,23.7185,27.0334,12,11,91.6667
TR-02-03,2026-01-07 13:00:00,75.2481,71.6459,3.6022,4.7871,12,12,100.0
TR-02-03,2026-01-07 14:00:00,83.3794,69.6584,13.721,16.4561,12,12,100.0
TR-02-03,2026-01-07 15:00:00,76.3195,63.3071,13.0124,17.0499,12,11,91.6667
TR-02-03,2026-01-07 16:00:00,79.8799,95.5033,-15.6234,-19.5586,12,12,100.0
TR-02-03,2026-01-07 17:00:00,76.9612,73.4015,3.5597,4.6253,12,12,100.0
TR-02-03,2026-01-07 18:00:00,113.4311,98.8145,14.6166,12.8859,12,12,100.0
TR-02-03,2026-01-07 19:00:00,108.3876,98.3381,10.0495,9.2718,12,12,100.0
TR-02-03,2026-01-07 20:00:00,101.0289,90.859,10.1699,10.0663,12,12,100.0
TR-02-03,2026-01-07 21:00:00,97.9682,90.4758,7.4924,7.6478,12,12,100.0
TR-02-03,2026-01-07 22:00:00,107.853,91.9762,15.8768,14.7208,12,10,83.3333
TR-02-03,2026-01-07 23:00:00,57.2382,45.8626,11.3756,19.8741,12,11,91.6667
