transformer_id,reading_timestamp,input_energy_kwh,quality_flag,source
TR-01-01,2026-01-01 00:00:00,28.5193,OK,synthetic
TR-01-01,2026-01-01 01:00:00,27.4178,OK,synthetic
TR-01-01,2026-01-01 02:00:00,24.7951,OK,synthetic
TR-01-01,2026-01-01 03:00:00,27.6796,OK,synthetic
TR-01-01,2026-01-01 04:00:00,26.1285,OK,synthetic
TR-01-01,2026-01-01 05:00:00,27.3786,OK,synthetic
TR-01-01,2026-01-01 06:00:00,47.029,OK,synthetic
TR-01-01,2026-01-01 07:00:00,50.991,OK,synthetic
TR-01-01,2026-01-01 08:00:00,49.8736,OK,synthetic
TR-01-01,2026-01-01 09:00:00,53.6147,OK,synthetic
TR-01-01,2026-01-01 10:00:00,65.0481,OK,synthetic
TR-01-01,2026-01-01 11:00:00,56.9222,OK,synthetic
TR-01-01,2026-01-01 12:00:00,51.6143,OK,synthetic
TR-01-01,2026-01-01 13:00:00,62.997,OK,synthetic
TR-01-01,2026-01-01 14:00:00,56.9505,OK,synthetic
TR-01-01,2026-01-01 15:00:00,55.4429,OK,synthetic
TR-01-01,2026-01-01 16:00:00,59.501,OK,synthetic
TR-01-01,2026-01-01 17:00:00,61.3238,OK,synthetic
TR-01-01,2026-01-01 18:00:00,73.736,OK,synthetic
TR-01-01,2026-01-01 19:00:00,75.5242,OK,synthetic
TR-01-01,2026-01-01 20:00:00,80.6758,OK,synthetic
TR-01-01,2026-01-01 21:00:00,79.133,OK,synthetic
TR-01-01,2026-01-01 22:00:00,83.833,OK,synthetic
TR-01-01,2026-01-01 23:00:00,42.6796,OK,synthetic
TR-01-01,2026-01-02 00:00:00,25.5204,OK,synthetic
TR-01-01,2026-01-02 01:00:00,27.289,OK,synthetic
TR-01-01,2026-01-02 02:00:00,27.4674,OK,synthetic
TR-01-01,2026-01-02 03:00:00,28.2186,OK,synthetic
TR-01-01,2026-01-02 04:00:00,28.1132,OK,synthetic
TR-01-01,2026-01-02 05:00:00,28.0268,OK,synthetic
TR-01-01,2026-01-02 06:00:00,46.5699,OK,synthetic
TR-01-01,2026-01-02 07:00:00,51.3604,OK,synthetic
TR-01-01,2026-01-02 08:00:00,51.0038,OK,synthetic
TR-01-01,2026-01-02 09:00:00,53.4268,OK,synthetic
TR-01-01,2026-01-02 10:00:00,54.7651,OK,synthetic
TR-01-01,2026-01-02 11:00:00,55.6478,OK,synthetic
TR-01-01,2026-01-02 12:00:00,61.0675,OK,synthetic
TR-01-01,2026-01-02 13:00:00,62.7637,OK,synthetic
TR-01-01,2026-01-02 14:00:00,56.4695,OK,synthetic
TR-01-01,2026-01-02 15:00:00,59.3493,OK,synthetic
TR-01-01,2026-01-02 16:00:00,67.5758,OK,synthetic
TR-01-01,2026-01-02 17:00:00,62.3997,OK,synthetic
TR-01-01,2026-01-02 18:00:00,77.2105,OK,synthetic
TR-01-01,2026-01-02 19:00:00,75.4837,OK,synthetic
TR-01-01,2026-01-02 20:00:00,80.9197,OK,synthetic
TR-01-01,2026-01-02 21:00:00,81.8462,OK,synthetic
TR-01-01,2026-01-02 22:00:00,79.5743,OK,synthetic
TR-01-01,2026-01-02 23:00:00,41.2322,OK,synthetic
TR-01-01,2026-01-03 00:00:00,23.3898,OK,synthetic
TR-01-01,2026-01-03 01:00:00,22.811,OK,synthetic
TR-01-01,2026-01-03 02:00:00,25.0309,OK,synthetic
TR-01-01,2026-01-03 03:00:00,23.5274,OK,synthetic
TR-01-01,2026-01-03 04:00:00,25.9591,OK,synthetic
TR-01-01,2026-01-03 05:00:00,22.6621,OK,synthetic
TR-01-01,2026-01-03 06:00:00,44.699,OK,synthetic
TR-01-01,2026-01-03 07:00:00,43.1507,OK,synthetic
TR-01-01,2026-01-03 08:00:00,48.8212,OK,synthetic
TR-01-01,2026-01-03 09:00:00,50.2685,OK,synthetic
TR-01-01,2026-01-03 10:00:00,59.6766,OK,synthetic
TR-01-01,2026-01-03 11:00:00,56.938,OK,synthetic
TR-01-01,2026-01-03 12:00:00,54.1582,OK,synthetic
TR-01-01,2026-01-03 13:00:00,52.0538,OK,synthetic
TR-01-01,2026-01-03 14:00:00,49.547,OK,synthetic
TR-01-01,2026-01-03 15:00:00,57.3735,OK,synthetic
TR-01-01,2026-01-03 16:00:00,57.6283,OK,synthetic
TR-01-01,2026-01-03 17:00:00,52.7229,OK,synthetic
TR-01-01,2026-01-03 18:00:00,72.4523,OK,synthetic
TR-01-01,2026-01-03 19:00:00,73.7834,OK,synthetic
TR-01-01,2026-01-03 20:00:00,75.7851,OK,synthetic
TR-01-01,2026-01-03 21:00:00,76.9847,OK,synthetic
TR-01-01,2026-01-03 22:00:00,78.302,OK,synthetic
TR-01-01,2026-01-03 23:00:00,39.4588,OK,synthetic
TR-01-01,2026-01-04 00:00:00,23.2626,OK,synthetic
TR-01-01,2026-01-04 01:00:00,23.0858,OK,synthetic
TR-01-01,2026-01-04 02:00:00,24.8999,OK,synthetic
TR-01-01,2026-01-04 03:00:00,24.6199,OK,synthetic
TR-01-01,2026-01-04 04:00:00,23.5183,OK,synthetic
TR-01-01,2026-01-04 05:00:00,26.4185,OK,synthetic
TR-01-01,2026-01-04 06:00:00,43.641,OK,synthetic
TR-01-01,2026-01-04 07:00:00,49.1027,OK,synthetic
TR-01-01,2026-01-04 08:00:00,47.5008,OK,synthetic
TR-01-01,2026-01-04 09:00:00,49.8927,OK,synthetic
TR-01-01,2026-01-04 10:00:00,60.7814,OK,synthetic
TR-01-01,2026-01-04 11:00:00,58.2903,OK,synthetic
TR-01-01,2026-01-04 12:00:00,51.7335,OK,synthetic
TR-01-01,2026-01-04 13:00:00,51.6548,OK,synthetic
TR-01-01,2026-01-04 14:00:00,60.4522,OK,synthetic
TR-01-01,2026-01-04 15:00:00,55.2896,OK,synthetic
TR-01-01,2026-01-04 16:00:00,50.5375,OK,synthetic
TR-01-01,2026-01-04 17:00:00,60.6272,OK,synthetic
TR-01-01,2026-01-04 18:00:00,78.4774,OK,synthetic
TR-01-01,2026-01-04 19:00:00,72.3493,OK,synthetic
TR-01-01,2026-01-04 20:00:00,74.6156,OK,synthetic
TR-01-01,2026-01-04 21:00:00,78.0407,OK,synthetic
TR-01-01,2026-01-04 22:00:00,71.7736,OK,synthetic
TR-01-01,2026-01-04 23:00:00,36.5908,OK,synthetic
TR-01-01,2026-01-05 00:00:00,24.9911,OK,synthetic
TR-01-01,2026-01-05 01:00:00,29.2528,OK,synthetic
TR-01-01,2026-01-05 02:00:00,29.4943,OK,synthetic
TR-01-01,2026-01-05 03:00:00,28.422,OK,synthetic
TR-01-01,2026-01-05 04:00:00,27.7249,OK,synthetic
TR-01-01,2026-01-05 05:00:00,25.9997,OK,synthetic
TR-01-01,2026-01-05 06:00:00,48.0997,OK,synthetic
TR-01-01,2026-01-05 07:00:00,46.0194,OK,synthetic
TR-01-01,2026-01-05 08:00:00,46.4298,OK,synthetic
TR-01-01,2026-01-05 09:00:00,56.8915,OK,synthetic
TR-01-01,2026-01-05 10:00:00,65.4882,OK,synthetic
TR-01-01,2026-01-05 11:00:00,55.6029,OK,synthetic
TR-01-01,2026-01-05 12:00:00,55.5889,OK,synthetic
TR-01-01,2026-01-05 13:00:00,53.0704,OK,synthetic
TR-01-01,2026-01-05 14:00:00,61.528,OK,synthetic
TR-01-01,2026-01-05 15:00:00,59.1376,OK,synthetic
TR-01-01,2026-01-05 16:00:00,59.4599,OK,synthetic
TR-01-01,2026-01-05 17:00:00,54.51,OK,synthetic
TR-01-01,2026-01-05 18:00:00,84.2492,OK,synthetic
TR-01-01,2026-01-05 19:00:00,76.7738,OK,synthetic
TR-01-01,2026-01-05 20:00:00,79.638,OK,synthetic
TR-01-01,2026-01-05 21:00:00,71.9917,OK,synthetic
TR-01-01,2026-01-05 22:00:00,74.8663,OK,synthetic
TR-01-01,2026-01-05 23:00:00,44.4968,OK,synthetic
TR-01-01,2026-01-06 00:00:00,25.7588,OK,synthetic
TR-01-01,2026-01-06 01:00:00,26.7683,OK,synthetic
TR-01-01,2026-01-06 02:00:00,24.3604,OK,synthetic
TR-01-01,2026-01-06 03:00:00,23.9237,OK,synthetic
TR-01-01,2026-01-06 04:00:00,28.5185,OK,synthetic
TR-01-01,2026-01-06 05:00:00,25.9047,OK,synthetic
TR-01-01,2026-01-06 06:00:00,48.9965,OK,synthetic
TR-01-01,2026-01-06 07:00:00,50.6181,OK,synthetic
TR-01-01,2026-01-06 08:00:00,48.1749,OK,synthetic
TR-01-01,2026-01-06 09:00:00,58.3125,OK,synthetic
TR-01-01,2026-01-06 10:00:00,56.9236,OK,synthetic
TR-01-01,2026-01-06 11:00:00,52.1037,OK,synthetic
TR-01-01,2026-01-06 12:00:00,63.7567,OK,synthetic
TR-01-01,2026-01-06 13:00:00,52.8968,OK,synthetic
TR-01-01,2026-01-06 14:00:00,55.2363,OK,synthetic
TR-01-01,2026-01-06 15:00:00,55.7023,OK,synthetic
TR-01-01,2026-01-06 16:00:00,55.6748,OK,synthetic
TR-01-01,2026-01-06 17:00:00,62.9228,OK,synthetic
TR-01-01,2026-01-06 18:00:00,83.0001,OK,synthetic
TR-01-01,2026-01-06 19:00:00,73.3348,OK,synthetic
TR-01-01,2026-01-06 20:00:00,75.1714,OK,synthetic
TR-01-01,2026-01-06 21:00:00,84.8101,OK,synthetic
TR-01-01,2026-01-06 22:00:00,70.9458,OK,synthetic
TR-01-01,2026-01-06 23:00:00,44.6833,OK,synthetic
TR-01-01,2026-01-07 00:00:00,25.9335,OK,synthetic
TR-01-01,2026-01-07 01:00:00,28.1756,OK,synthetic
TR-01-01,2026-01-07 02:00:00,28.9251,OK,synthetic
TR-01-01,2026-01-07 03:00:00,26.8229,OK,synthetic
TR-01-01,2026-01-07 04:00:00,25.1971,OK,synthetic
TR-01-01,2026-01-07 05:00:00,28.2608,OK,synthetic
TR-01-01,2026-01-07 06:00:00,46.2291,OK,synthetic
TR-01-01,2026-01-07 07:00:00,52.4067,OK,synthetic
TR-01-01,2026-01-07 08:00:00,50.345,OK,synthetic
TR-01-01,2026-01-07 09:00:00,57.6143,OK,synthetic
TR-01-01,2026-01-07 10:00:00,54.731,OK,synthetic
TR-01-01,2026-01-07 11:00:00,57.1142,OK,synthetic
TR-01-01,2026-01-07 12:00:00,63.9506,OK,synthetic
TR-01-01,2026-01-07 13:00:00,54.5986,OK,synthetic
TR-01-01,2026-01-07 14:00:00,52.236,OK,synthetic
TR-01-01,2026-01-07 15:00:00,59.8467,OK,synthetic
TR-01-01,2026-01-07 16:00:00,61.3778,OK,synthetic
TR-01-01,2026-01-07 17:00:00,59.7891,OK,synthetic
TR-01-01,2026-01-07 18:00:00,73.0544,OK,synthetic
TR-01-01,2026-01-07 19:00:00,78.7842,OK,synthetic
TR-01-01,2026-01-07 20:00:00,86.0712,OK,synthetic
TR-01-01,2026-01-07 21:00:00,73.9981,OK,synthetic
TR-01-01,2026-01-07 22:00:00,77.5682,OK,synthetic
TR-01-01,2026-01-07 23:00:00,39.8454,OK,synthetic
TR-01-02,2026-01-01 00:00:00,36.9616,OK,synthetic
TR-01-02,2026-01-01 01:00:00,31.9384,OK,synthetic
TR-01-02,2026-01-01 02:00:00,33.3476,OK,synthetic
TR-01-02,2026-01-01 03:00:00,30.6466,OK,synthetic
TR-01-02,2026-01-01 04:00:00,33.7281,OK,synthetic
TR-01-02,2026-01-01 05:00:00,34.0887,OK,synthetic
TR-01-02,2026-01-01 06:00:00,66.2418,OK,synthetic
TR-01-02,2026-01-01 07:00:00,59.7734,OK,synthetic
TR-01-02,2026-01-01 08:00:00,65.4538,OK,synthetic
TR-01-02,2026-01-01 09:00:00,72.8223,OK,synthetic
TR-01-02,2026-01-01 10:00:00,72.491,OK,synthetic
TR-01-02,2026-01-01 11:00:00,68.7178,OK,synthetic
TR-01-02,2026-01-01 12:00:00,73.3443,OK,synthetic
TR-01-02,2026-01-01 13:00:00,77.3639,OK,synthetic
TR-01-02,2026-01-01 14:00:00,69.7917,OK,synthetic
TR-01-02,2026-01-01 15:00:00,71.013,OK,synthetic
TR-01-02,2026-01-01 16:00:00,80.4646,OK,synthetic
TR-01-02,2026-01-01 17:00:00,79.3767,OK,synthetic
TR-01-02,2026-01-01 18:00:00,97.4923,OK,synthetic
TR-01-02,2026-01-01 19:00:00,108.7606,OK,synthetic
TR-01-02,2026-01-01 20:00:00,102.6882,OK,synthetic
TR-01-02,2026-01-01 21:00:00,108.9948,OK,synthetic
TR-01-02,2026-01-01 22:00:00,102.8124,OK,synthetic
TR-01-02,2026-01-01 23:00:00,53.4641,OK,synthetic
TR-01-02,2026-01-02 00:00:00,36.0702,OK,synthetic
TR-01-02,2026-01-02 01:00:00,32.1672,OK,synthetic
TR-01-02,2026-01-02 02:00:00,34.5699,OK,synthetic
TR-01-02,2026-01-02 03:00:00,36.8041,OK,synthetic
TR-01-02,2026-01-02 04:00:00,36.2951,OK,synthetic
TR-01-02,2026-01-02 05:00:00,36.1332,OK,synthetic
TR-01-02,2026-01-02 06:00:00,63.1105,OK,synthetic
TR-01-02,2026-01-02 07:00:00,63.7098,OK,synthetic
TR-01-02,2026-01-02 08:00:00,63.0425,OK,synthetic
TR-01-02,2026-01-02 09:00:00,80.5541,OK,synthetic
TR-01-02,2026-01-02 10:00:00,80.4233,OK,synthetic
TR-01-02,2026-01-02 11:00:00,73.4948,OK,synthetic
TR-01-02,2026-01-02 12:00:00,70.9705,OK,synthetic
TR-01-02,2026-01-02 13:00:00,78.0587,OK,synthetic
TR-01-02,2026-01-02 14:00:00,72.4572,OK,synthetic
TR-01-02,2026-01-02 15:00:00,77.3527,OK,synthetic
TR-01-02,2026-01-02 16:00:00,74.2478,OK,synthetic
TR-01-02,2026-01-02 17:00:00,72.6546,OK,synthetic
TR-01-02,2026-01-02 18:00:00,98.0875,OK,synthetic
TR-01-02,2026-01-02 19:00:00,98.3434,OK,synthetic
TR-01-02,2026-01-02 20:00:00,99.1118,OK,synthetic
TR-01-02,2026-01-02 21:00:00,102.3432,OK,synthetic
TR-01-02,2026-01-02 22:00:00,105.0703,OK,synthetic
TR-01-02,2026-01-02 23:00:00,53.456,OK,synthetic
TR-01-02,2026-01-03 00:00:00,32.6488,OK,synthetic
TR-01-02,2026-01-03 01:00:00,29.8359,OK,synthetic
TR-01-02,2026-01-03 02:00:00,30.7305,OK,synthetic
TR-01-02,2026-01-03 03:00:00,31.1147,OK,synthetic
TR-01-02,2026-01-03 04:00:00,31.149,OK,synthetic
TR-01-02,2026-01-03 05:00:00,32.0484,OK,synthetic
TR-01-02,2026-01-03 06:00:00,55.2206,OK,synthetic
TR-01-02,2026-01-03 07:00:00,62.828,OK,synthetic
TR-01-02,2026-01-03 08:00:00,55.2041,OK,synthetic
TR-01-02,2026-01-03 09:00:00,71.5936,OK,synthetic
TR-01-02,2026-01-03 10:00:00,64.1512,OK,synthetic
TR-01-02,2026-01-03 11:00:00,70.9423,OK,synthetic
TR-01-02,2026-01-03 12:00:00,71.7637,OK,synthetic
TR-01-02,2026-01-03 13:00:00,69.3673,OK,synthetic
TR-01-02,2026-01-03 14:00:00,69.1151,OK,synthetic
TR-01-02,2026-01-03 15:00:00,71.5029,OK,synthetic
TR-01-02,2026-01-03 16:00:00,66.4276,OK,synthetic
TR-01-02,2026-01-03 17:00:00,61.6079,OK,synthetic
TR-01-02,2026-01-03 18:00:00,85.4542,OK,synthetic
TR-01-02,2026-01-03 19:00:00,92.5419,OK,synthetic
TR-01-02,2026-01-03 20:00:00,91.075,OK,synthetic
TR-01-02,2026-01-03 21:00:00,91.0952,OK,synthetic
TR-01-02,2026-01-03 22:00:00,95.6723,OK,synthetic
TR-01-02,2026-01-03 23:00:00,49.0813,OK,synthetic
TR-01-02,2026-01-04 00:00:00,32.6635,OK,synthetic
TR-01-02,2026-01-04 01:00:00,28.039,OK,synthetic
TR-01-02,2026-01-04 02:00:00,29.8407,OK,synthetic
TR-01-02,2026-01-04 03:00:00,29.4649,OK,synthetic
TR-01-02,2026-01-04 04:00:00,30.435,OK,synthetic
TR-01-02,2026-01-04 05:00:00,32.3302,OK,synthetic
TR-01-02,2026-01-04 06:00:00,57.2681,OK,synthetic
TR-01-02,2026-01-04 07:00:00,54.8661,OK,synthetic
TR-01-02,2026-01-04 08:00:00,59.9545,OK,synthetic
TR-01-02,2026-01-04 09:00:00,66.7916,OK,synthetic
TR-01-02,2026-01-04 10:00:00,64.6512,OK,synthetic
TR-01-02,2026-01-04 11:00:00,64.3274,OK,synthetic
TR-01-02,2026-01-04 12:00:00,74.1105,OK,synthetic
TR-01-02,2026-01-04 13:00:00,71.1927,OK,synthetic
TR-01-02,2026-01-04 14:00:00,62.5407,OK,synthetic
TR-01-02,2026-01-04 15:00:00,76.6315,OK,synthetic
TR-01-02,2026-01-04 16:00:00,60.9043,OK,synthetic
TR-01-02,2026-01-04 17:00:00,69.1592,OK,synthetic
TR-01-02,2026-01-04 18:00:00,99.9512,OK,synthetic
TR-01-02,2026-01-04 19:00:00,85.0056,OK,synthetic
TR-01-02,2026-01-04 20:00:00,96.2254,OK,synthetic
TR-01-02,2026-01-04 21:00:00,90.0185,OK,synthetic
TR-01-02,2026-01-04 22:00:00,94.6947,OK,synthetic
TR-01-02,2026-01-04 23:00:00,51.0844,OK,synthetic
TR-01-02,2026-01-05 00:00:00,32.208,OK,synthetic
TR-01-02,2026-01-05 01:00:00,37.2788,OK,synthetic
TR-01-02,2026-01-05 02:00:00,31.9568,OK,synthetic
TR-01-02,2026-01-05 03:00:00,33.7335,OK,synthetic
TR-01-02,2026-01-05 04:00:00,30.287,OK,synthetic
TR-01-02,2026-01-05 05:00:00,33.6079,OK,synthetic
TR-01-02,2026-01-05 06:00:00,59.0423,OK,synthetic
TR-01-02,2026-01-05 07:00:00,61.8322,OK,synthetic
TR-01-02,2026-01-05 08:00:00,69.516,OK,synthetic
TR-01-02,2026-01-05 09:00:00,63.3291,OK,synthetic
TR-01-02,2026-01-05 10:00:00,73.6869,OK,synthetic
TR-01-02,2026-01-05 11:00:00,78.3926,OK,synthetic
TR-01-02,2026-01-05 12:00:00,74.0083,OK,synthetic
TR-01-02,2026-01-05 13:00:00,74.8536,OK,synthetic
TR-01-02,2026-01-05 14:00:00,77.7682,OK,synthetic
TR-01-02,2026-01-05 15:00:00,64.7948,OK,synthetic
TR-01-02,2026-01-05 16:00:00,72.93,OK,synthetic
TR-01-02,2026-01-05 17:00:00,71.0051,OK,synthetic
TR-01-02,2026-01-05 18:00:00,100.5094,OK,synthetic
TR-01-02,2026-01-05 19:00:00,92.7621,OK,synthetic
TR-01-02,2026-01-05 20:00:00,93.3568,OK,synthetic
TR-01-02,2026-01-05 21:00:00,98.5864,OK,synthetic
TR-01-02,2026-01-05 22:00:00,106.17,OK,synthetic
TR-01-02,2026-01-05 23:00:00,53.0392,OK,synthetic
TR-01-02,2026-01-06 00:00:00,31.4963,OK,synthetic
TR-01-02,2026-01-06 01:00:00,31.3875,OK,synthetic
TR-01-02,2026-01-06 02:00:00,33.309,OK,synthetic
TR-01-02,2026-01-06 03:00:00,32.6935,OK,synthetic
TR-01-02,2026-01-06 04:00:00,38.117,OK,synthetic
TR-01-02,2026-01-06 05:00:00,32.8894,OK,synthetic
TR-01-02,2026-01-06 06:00:00,63.9298,OK,synthetic
TR-01-02,2026-01-06 07:00:00,68.4073,OK,synthetic
TR-01-02,2026-01-06 08:00:00,68.6874,OK,synthetic
TR-01-02,2026-01-06 09:00:00,65.8604,OK,synthetic
TR-01-02,2026-01-06 10:00:00,67.9201,OK,synthetic
TR-01-02,2026-01-06 11:00:00,77.947,OK,synthetic
TR-01-02,2026-01-06 12:00:00,83.3451,OK,synthetic
TR-01-02,2026-01-06 13:00:00,69.5503,OK,synthetic
TR-01-02,2026-01-06 14:00:00,72.621,OK,synthetic
TR-01-02,2026-01-06 15:00:00,66.7011,OK,synthetic
TR-01-02,2026-01-06 16:00:00,76.5046,OK,synthetic
TR-01-02,2026-01-06 17:00:00,70.9583,OK,synthetic
TR-01-02,2026-01-06 18:00:00,106.2195,OK,synthetic
TR-01-02,2026-01-06 19:00:00,101.4977,OK,synthetic
TR-01-02,2026-01-06 20:00:00,110.1732,OK,synthetic
TR-01-02,2026-01-06 21:00:00,108.6883,OK,synthetic
TR-01-02,2026-01-06 22:00:00,102.7983,OK,synthetic
TR-01-02,2026-01-06 23:00:00,50.7216,OK,synthetic
TR-01-02,2026-01-07 00:00:00,33.8901,OK,synthetic
TR-01-02,2026-01-07 01:00:00,33.8343,OK,synthetic
TR-01-02,2026-01-07 02:00:00,31.167,OK,synthetic
TR-01-02,2026-01-07 03:00:00,35.6918,OK,synthetic
TR-01-02,2026-01-07 04:00:00,30.3887,OK,synthetic
TR-01-02,2026-01-07 05:00:00,34.5627,OK,synthetic
TR-01-02,2026-01-07 06:00:00,63.5694,OK,synthetic
TR-01-02,2026-01-07 07:00:00,67.9172,OK,synthetic
TR-01-02,2026-01-07 08:00:00,55.5409,OK,synthetic
TR-01-02,2026-01-07 09:00:00,71.8289,OK,synthetic
TR-01-02,2026-01-07 10:00:00,78.6554,OK,synthetic
TR-01-02,2026-01-07 11:00:00,75.1913,OK,synthetic
TR-01-02,2026-01-07 12:00:00,69.9028,OK,synthetic
TR-01-02,2026-01-07 13:00:00,74.4606,OK,synthetic
TR-01-02,2026-01-07 14:00:00,73.8483,OK,synthetic
TR-01-02,2026-01-07 15:00:00,81.081,OK,synthetic
TR-01-02,2026-01-07 16:00:00,69.5136,OK,synthetic
TR-01-02,2026-01-07 17:00:00,72.9481,OK,synthetic
TR-01-02,2026-01-07 18:00:00,97.3121,OK,synthetic
TR-01-02,2026-01-07 19:00:00,91.9282,OK,synthetic
TR-01-02,2026-01-07 20:00:00,95.7898,OK,synthetic
TR-01-02,2026-01-07 21:00:00,96.8598,OK,synthetic
TR-01-02,2026-01-07 22:00:00,108.7445,OK,synthetic
TR-01-02,2026-01-07 23:00:00,60.14,OK,synthetic
TR-01-03,2026-01-01 00:00:00,16.0938,OK,synthetic
TR-01-03,2026-01-01 01:00:00,15.7552,OK,synthetic
TR-01-03,2026-01-01 02:00:00,17.0184,OK,synthetic
TR-01-03,2026-01-01 03:00:00,16.5214,OK,synthetic
TR-01-03,2026-01-01 04:00:00,16.346,OK,synthetic
TR-01-03,2026-01-01 05:00:00,14.6398,OK,synthetic
TR-01-03,2026-01-01 06:00:00,33.0516,OK,synthetic
TR-01-03,2026-01-01 07:00:00,31.2647,OK,synthetic
TR-01-03,2026-01-01 08:00:00,33.371,OK,synthetic
TR-01-03,2026-01-01 09:00:00,33.8599,OK,synthetic
TR-01-03,2026-01-01 10:00:00,32.8512,OK,synthetic
TR-01-03,2026-01-01 11:00:00,33.8154,OK,synthetic
TR-01-03,2026-01-01 12:00:00,33.3943,OK,synthetic
TR-01-03,2026-01-01 13:00:00,34.2843,OK,synthetic
TR-01-03,2026-01-01 14:00:00,35.9836,OK,synthetic
TR-01-03,2026-01-01 15:00:00,35.2972,OK,synthetic
TR-01-03,2026-01-01 16:00:00,34.2887,OK,synthetic
TR-01-03,2026-01-01 17:00:00,36.8671,OK,synthetic
TR-01-03,2026-01-01 18:00:00,48.5967,OK,synthetic
TR-01-03,2026-01-01 19:00:00,43.6047,OK,synthetic
TR-01-03,2026-01-01 20:00:00,49.317,OK,synthetic
TR-01-03,2026-01-01 21:00:00,48.5705,OK,synthetic
TR-01-03,2026-01-01 22:00:00,54.9078,OK,synthetic
TR-01-03,2026-01-01 23:00:00,26.1598,OK,synthetic
TR-01-03,2026-01-02 00:00:00,14.2966,OK,synthetic
TR-01-03,2026-01-02 01:00:00,16.618,OK,synthetic
TR-01-03,2026-01-02 02:00:00,16.9589,OK,synthetic
TR-01-03,2026-01-02 03:00:00,16.5943,OK,synthetic
TR-01-03,2026-01-02 04:00:00,18.3333,OK,synthetic
TR-01-03,2026-01-02 05:00:00,15.7055,OK,synthetic
TR-01-03,2026-01-02 06:00:00,30.4447,OK,synthetic
TR-01-03,2026-01-02 07:00:00,32.684,OK,synthetic
TR-01-03,2026-01-02 08:00:00,30.5505,OK,synthetic
TR-01-03,2026-01-02 09:00:00,34.3518,OK,synthetic
TR-01-03,2026-01-02 10:00:00,41.2076,OK,synthetic
TR-01-03,2026-01-02 11:00:00,31.6856,OK,synthetic
TR-01-03,2026-01-02 12:00:00,37.948,OK,synthetic
TR-01-03,2026-01-02 13:00:00,37.2291,OK,synthetic
TR-01-03,2026-01-02 14:00:00,33.7732,OK,synthetic
TR-01-03,2026-01-02 15:00:00,35.805,OK,synthetic
TR-01-03,2026-01-02 16:00:00,35.5778,OK,synthetic
TR-01-03,2026-01-02 17:00:00,33.516,OK,synthetic
TR-01-03,2026-01-02 18:00:00,45.4508,OK,synthetic
TR-01-03,2026-01-02 19:00:00,53.3269,OK,synthetic
TR-01-03,2026-01-02 20:00:00,44.7435,OK,synthetic
TR-01-03,2026-01-02 21:00:00,46.7834,OK,synthetic
TR-01-03,2026-01-02 22:00:00,52.6834,OK,synthetic
TR-01-03,2026-01-02 23:00:00,29.9541,OK,synthetic
TR-01-03,2026-01-03 00:00:00,14.9008,OK,synthetic
TR-01-03,2026-01-03 01:00:00,15.0362,OK,synthetic
TR-01-03,2026-01-03 02:00:00,15.5922,OK,synthetic
TR-01-03,2026-01-03 03:00:00,15.626,OK,synthetic
TR-01-03,2026-01-03 04:00:00,16.12,OK,synthetic
TR-01-03,2026-01-03 05:00:00,14.8387,OK,synthetic
TR-01-03,2026-01-03 06:00:00,28.6148,OK,synthetic
TR-01-03,2026-01-03 07:00:00,25.025,OK,synthetic
TR-01-03,2026-01-03 08:00:00,27.26,OK,synthetic
TR-01-03,2026-01-03 09:00:00,35.629,OK,synthetic
TR-01-03,2026-01-03 10:00:00,35.9674,OK,synthetic
TR-01-03,2026-01-03 11:00:00,35.3812,OK,synthetic
TR-01-03,2026-01-03 12:00:00,30.5188,OK,synthetic
TR-01-03,2026-01-03 13:00:00,32.0971,OK,synthetic
TR-01-03,2026-01-03 14:00:00,34.6832,OK,synthetic
TR-01-03,2026-01-03 15:00:00,31.7455,OK,synthetic
TR-01-03,2026-01-03 16:00:00,31.7281,OK,synthetic
TR-01-03,2026-01-03 17:00:00,31.1886,OK,synthetic
TR-01-03,2026-01-03 18:00:00,40.9004,OK,synthetic
TR-01-03,2026-01-03 19:00:00,48.2358,OK,synthetic
TR-01-03,2026-01-03 20:00:00,43.2119,OK,synthetic
TR-01-03,2026-01-03 21:00:00,42.5581,OK,synthetic
TR-01-03,2026-01-03 22:00:00,40.8529,OK,synthetic
TR-01-03,2026-01-03 23:00:00,27.5458,OK,synthetic
TR-01-03,2026-01-04 00:00:00,15.422,OK,synthetic
TR-01-03,2026-01-04 01:00:00,13.9243,OK,synthetic
TR-01-03,2026-01-04 02:00:00,14.8651,OK,synthetic
TR-01-03,2026-01-04 03:00:00,14.1396,OK,synthetic
TR-01-03,2026-01-04 04:00:00,15.2821,OK,synthetic
TR-01-03,2026-01-04 05:00:00,15.0471,OK,synthetic
TR-01-03,2026-01-04 06:00:00,30.1777,OK,synthetic
TR-01-03,2026-01-04 07:00:00,30.4161,OK,synthetic
TR-01-03,2026-01-04 08:00:00,28.9088,OK,synthetic
TR-01-03,2026-01-04 09:00:00,27.3559,OK,synthetic
TR-01-03,2026-01-04 10:00:00,28.8193,OK,synthetic
TR-01-03,2026-01-04 11:00:00,35.2416,OK,synthetic
TR-01-03,2026-01-04 12:00:00,33.5483,OK,synthetic
TR-01-03,2026-01-04 13:00:00,32.5047,OK,synthetic
TR-01-03,2026-01-04 14:00:00,31.36,OK,synthetic
TR-01-03,2026-01-04 15:00:00,32.6343,OK,synthetic
TR-01-03,2026-01-04 16:00:00,32.983,OK,synthetic
TR-01-03,2026-01-04 17:00:00,34.7308,OK,synthetic
TR-01-03,2026-01-04 18:00:00,47.9082,OK,synthetic
TR-01-03,2026-01-04 19:00:00,40.8978,OK,synthetic
TR-01-03,2026-01-04 20:00:00,44.6391,OK,synthetic
TR-01-03,2026-01-04 21:00:00,44.8662,OK,synthetic
TR-01-03,2026-01-04 22:00:00,43.0729,OK,synthetic
TR-01-03,2026-01-04 23:00:00,26.4104,OK,synthetic
TR-01-03,2026-01-05 00:00:00,17.0872,OK,synthetic
TR-01-03,2026-01-05 01:00:00,16.1871,OK,synthetic
TR-01-03,2026-01-05 02:00:00,15.2737,OK,synthetic
TR-01-03,2026-01-05 03:00:00,16.5606,OK,synthetic
TR-01-03,2026-01-05 04:00:00,15.0826,OK,synthetic
TR-01-03,2026-01-05 05:00:00,16.4407,OK,synthetic
TR-01-03,2026-01-05 06:00:00,30.9342,OK,synthetic
TR-01-03,2026-01-05 07:00:00,30.2441,OK,synthetic
TR-01-03,2026-01-05 08:00:00,32.7008,OK,synthetic
TR-01-03,2026-01-05 09:00:00,32.5289,OK,synthetic
TR-01-03,2026-01-05 10:00:00,34.2872,OK,synthetic
TR-01-03,2026-01-05 11:00:00,36.2531,OK,synthetic
TR-01-03,2026-01-05 12:00:00,34.2198,OK,synthetic
TR-01-03,2026-01-05 13:00:00,37.9337,OK,synthetic
TR-01-03,2026-01-05 14:00:00,38.9927,OK,synthetic
TR-01-03,2026-01-05 15:00:00,33.4568,OK,synthetic
TR-01-03,2026-01-05 16:00:00,35.0034,OK,synthetic
TR-01-03,2026-01-05 17:00:00,33.2569,OK,synthetic
TR-01-03,2026-01-05 18:00:00,48.3439,OK,synthetic
TR-01-03,2026-01-05 19:00:00,50.6754,OK,synthetic
TR-01-03,2026-01-05 20:00:00,46.6198,OK,synthetic
TR-01-03,2026-01-05 21:00:00,46.1835,OK,synthetic
TR-01-03,2026-01-05 22:00:00,52.5503,OK,synthetic
TR-01-03,2026-01-05 23:00:00,27.3481,OK,synthetic
TR-01-03,2026-01-06 00:00:00,16.3966,OK,synthetic
TR-01-03,2026-01-06 01:00:00,15.1421,OK,synthetic
TR-01-03,2026-01-06 02:00:00,15.2278,OK,synthetic
TR-01-03,2026-01-06 03:00:00,16.2776,OK,synthetic
TR-01-03,2026-01-06 04:00:00,14.8872,OK,synthetic
TR-01-03,2026-01-06 05:00:00,15.0828,OK,synthetic
TR-01-03,2026-01-06 06:00:00,27.9167,OK,synthetic
TR-01-03,2026-01-06 07:00:00,31.507,OK,synthetic
TR-01-03,2026-01-06 08:00:00,32.7827,OK,synthetic
TR-01-03,2026-01-06 09:00:00,35.4139,OK,synthetic
TR-01-03,2026-01-06 10:00:00,35.731,OK,synthetic
TR-01-03,2026-01-06 11:00:00,39.0682,OK,synthetic
TR-01-03,2026-01-06 12:00:00,39.0968,OK,synthetic
TR-01-03,2026-01-06 13:00:00,36.1526,OK,synthetic
TR-01-03,2026-01-06 14:00:00,33.2381,OK,synthetic
TR-01-03,2026-01-06 15:00:00,32.1752,OK,synthetic
TR-01-03,2026-01-06 16:00:00,34.6151,OK,synthetic
TR-01-03,2026-01-06 17:00:00,34.0397,OK,synthetic
TR-01-03,2026-01-06 18:00:00,54.6271,OK,synthetic
TR-01-03,2026-01-06 19:00:00,53.1099,OK,synthetic
TR-01-03,2026-01-06 20:00:00,45.308,OK,synthetic
TR-01-03,2026-01-06 21:00:00,45.0815,OK,synthetic
TR-01-03,2026-01-06 22:00:00,47.9018,OK,synthetic
TR-01-03,2026-01-06 23:00:00,29.2727,OK,synthetic
TR-01-03,2026-01-07 00:00:00,16.0282,OK,synthetic
TR-01-03,2026-01-07 01:00:00,18.0039,OK,synthetic
TR-01-03,2026-01-07 02:00:00,14.5835,OK,synthetic
TR-01-03,2026-01-07 03:00:00,16.8037,OK,synthetic
TR-01-03,2026-01-07 04:00:00,16.7343,OK,synthetic
TR-01-03,2026-01-07 05:00:00,16.5977,OK,synthetic
TR-01-03,2026-01-07 06:00:00,31.662,OK,synthetic
TR-01-03,2026-01-07 07:00:00,29.0637,OK,synthetic
TR-01-03,2026-01-07 08:00:00,33.3809,OK,synthetic
TR-01-03,2026-01-07 09:00:00,35.8546,OK,synthetic
TR-01-03,2026-01-07 10:00:00,34.5975,OK,synthetic
TR-01-03,2026-01-07 11:00:00,33.736,OK,synthetic
TR-01-03,2026-01-07 12:00:00,37.4385,OK,synthetic
TR-01-03,2026-01-07 13:00:00,33.5696,OK,synthetic
TR-01-03,2026-01-07 14:00:00,35.6831,OK,synthetic
TR-01-03,2026-01-07 15:00:00,35.9173,OK,synthetic
TR-01-03,2026-01-07 16:00:00,37.9477,OK,synthetic
TR-01-03,2026-01-07 17:00:00,36.6734,OK,synthetic
TR-01-03,2026-01-07 18:00:00,47.417,OK,synthetic
TR-01-03,2026-01-07 19:00:00,50.9489,OK,synthetic
TR-01-03,2026-01-07 20:00:00,48.9228,OK,synthetic
TR-01-03,2026-01-07 21:00:00,50.1062,OK,synthetic
TR-01-03,2026-01-07 22:00:00,51.027,OK,synthetic
TR-01-03,2026-01-07 23:00:00,27.3445,OK,synthetic
TR-02-01,2026-01-01 00:00:00,23.0499,OK,synthetic
TR-02-01,2026-01-01 01:00:00,24.2601,OK,synthetic
TR-02-01,2026-01-01 02:00:00,21.8756,OK,synthetic
TR-02-01,2026-01-01 03:00:00,20.79,OK,synthetic
TR-02-01,2026-01-01 04:00:00,21.3915,OK,synthetic
TR-02-01,2026-01-01 05:00:00,19.1755,OK,synthetic
TR-02-01,2026-01-01 06:00:00,35.1454,OK,synthetic
TR-02-01,2026-01-01 07:00:00,40.3789,OK,synthetic
TR-02-01,2026-01-01 08:00:00,39.3023,OK,synthetic
TR-02-01,2026-01-01 09:00:00,48.6328,OK,synthetic
TR-02-01,2026-01-01 10:00:00,48.1649,OK,synthetic
TR-02-01,2026-01-01 11:00:00,46.8733,OK,synthetic
TR-02-01,2026-01-01 12:00:00,51.207,OK,synthetic
TR-02-01,2026-01-01 13:00:00,44.3644,OK,synthetic
TR-02-01,2026-01-01 14:00:00,49.9979,OK,synthetic
TR-02-01,2026-01-01 15:00:00,51.9101,OK,synthetic
TR-02-01,2026-01-01 16:00:00,42.4182,OK,synthetic
TR-02-01,2026-01-01 17:00:00,43.0632,OK,synthetic
TR-02-01,2026-01-01 18:00:00,67.9187,OK,synthetic
TR-02-01,2026-01-01 19:00:00,63.3329,OK,synthetic
TR-02-01,2026-01-01 20:00:00,61.5335,OK,synthetic
TR-02-01,2026-01-01 21:00:00,63.3576,OK,synthetic
TR-02-01,2026-01-01 22:00:00,70.0594,OK,synthetic
TR-02-01,2026-01-01 23:00:00,38.4315,OK,synthetic
TR-02-01,2026-01-02 00:00:00,24.1798,OK,synthetic
TR-02-01,2026-01-02 01:00:00,19.0449,OK,synthetic
TR-02-01,2026-01-02 02:00:00,20.1763,OK,synthetic
TR-02-01,2026-01-02 03:00:00,20.2059,OK,synthetic
TR-02-01,2026-01-02 04:00:00,22.9803,OK,synthetic
TR-02-01,2026-01-02 05:00:00,22.3094,OK,synthetic
TR-02-01,2026-01-02 06:00:00,37.6462,OK,synthetic
TR-02-01,2026-01-02 07:00:00,38.5918,OK,synthetic
TR-02-01,2026-01-02 08:00:00,35.072,OK,synthetic
TR-02-01,2026-01-02 09:00:00,45.2283,OK,synthetic
TR-02-01,2026-01-02 10:00:00,49.9386,OK,synthetic
TR-02-01,2026-01-02 11:00:00,46.4015,OK,synthetic
TR-02-01,2026-01-02 12:00:00,44.2193,OK,synthetic
TR-02-01,2026-01-02 13:00:00,45.3142,OK,synthetic
TR-02-01,2026-01-02 14:00:00,51.1898,OK,synthetic
TR-02-01,2026-01-02 15:00:00,47.7553,OK,synthetic
TR-02-01,2026-01-02 16:00:00,46.4087,OK,synthetic
TR-02-01,2026-01-02 17:00:00,50.2351,OK,synthetic
TR-02-01,2026-01-02 18:00:00,66.7439,OK,synthetic
TR-02-01,2026-01-02 19:00:00,67.6989,OK,synthetic
TR-02-01,2026-01-02 20:00:00,65.9509,OK,synthetic
TR-02-01,2026-01-02 21:00:00,61.9636,OK,synthetic
TR-02-01,2026-01-02 22:00:00,66.4133,OK,synthetic
TR-02-01,2026-01-02 23:00:00,36.1607,OK,synthetic
TR-02-01,2026-01-03 00:00:00,18.6083,OK,synthetic
TR-02-01,2026-01-03 01:00:00,21.1973,OK,synthetic
TR-02-01,2026-01-03 02:00:00,18.8456,OK,synthetic
TR-02-01,2026-01-03 03:00:00,19.088,OK,synthetic
TR-02-01,2026-01-03 04:00:00,18.5209,OK,synthetic
TR-02-01,2026-01-03 05:00:00,19.6911,OK,synthetic
TR-02-01,2026-01-03 06:00:00,34.8705,OK,synthetic
TR-02-01,2026-01-03 07:00:00,31.8154,OK,synthetic
TR-02-01,2026-01-03 08:00:00,37.6493,OK,synthetic
TR-02-01,2026-01-03 09:00:00,44.861,OK,synthetic
TR-02-01,2026-01-03 10:00:00,42.2699,OK,synthetic
TR-02-01,2026-01-03 11:00:00,45.0537,OK,synthetic
TR-02-01,2026-01-03 12:00:00,43.4034,OK,synthetic
TR-02-01,2026-01-03 13:00:00,44.9671,OK,synthetic
TR-02-01,2026-01-03 14:00:00,46.3167,OK,synthetic
TR-02-01,2026-01-03 15:00:00,42.7242,OK,synthetic
TR-02-01,2026-01-03 16:00:00,40.8991,OK,synthetic
TR-02-01,2026-01-03 17:00:00,46.9831,OK,synthetic
TR-02-01,2026-01-03 18:00:00,54.3896,OK,synthetic
TR-02-01,2026-01-03 19:00:00,59.5643,OK,synthetic
TR-02-01,2026-01-03 20:00:00,55.1716,OK,synthetic
TR-02-01,2026-01-03 21:00:00,57.8465,OK,synthetic
TR-02-01,2026-01-03 22:00:00,60.0789,OK,synthetic
TR-02-01,2026-01-03 23:00:00,34.677,OK,synthetic
TR-02-01,2026-01-04 00:00:00,19.3748,OK,synthetic
TR-02-01,2026-01-04 01:00:00,18.5627,OK,synthetic
TR-02-01,2026-01-04 02:00:00,19.1328,OK,synthetic
TR-02-01,2026-01-04 03:00:00,19.9266,OK,synthetic
TR-02-01,2026-01-04 04:00:00,17.9296,OK,synthetic
TR-02-01,2026-01-04 05:00:00,19.2356,OK,synthetic
TR-02-01,2026-01-04 06:00:00,41.2999,OK,synthetic
TR-02-01,2026-01-04 07:00:00,34.9075,OK,synthetic
TR-02-01,2026-01-04 08:00:00,34.9719,OK,synthetic
TR-02-01,2026-01-04 09:00:00,40.7186,OK,synthetic
TR-02-01,2026-01-04 10:00:00,41.898,OK,synthetic
TR-02-01,2026-01-04 11:00:00,42.1035,OK,synthetic
TR-02-01,2026-01-04 12:00:00,46.2788,OK,synthetic
TR-02-01,2026-01-04 13:00:00,43.258,OK,synthetic
TR-02-01,2026-01-04 14:00:00,39.1779,OK,synthetic
TR-02-01,2026-01-04 15:00:00,42.1252,OK,synthetic
TR-02-01,2026-01-04 16:00:00,40.0799,OK,synthetic
TR-02-01,2026-01-04 17:00:00,40.875,OK,synthetic
TR-02-01,2026-01-04 18:00:00,57.2399,OK,synthetic
TR-02-01,2026-01-04 19:00:00,55.8404,OK,synthetic
TR-02-01,2026-01-04 20:00:00,60.3417,OK,synthetic
TR-02-01,2026-01-04 21:00:00,59.6874,OK,synthetic
TR-02-01,2026-01-04 22:00:00,55.2078,OK,synthetic
TR-02-01,2026-01-04 23:00:00,30.5886,OK,synthetic
TR-02-01,2026-01-05 00:00:00,20.6831,OK,synthetic
TR-02-01,2026-01-05 01:00:00,21.8804,OK,synthetic
TR-02-01,2026-01-05 02:00:00,20.4255,OK,synthetic
TR-02-01,2026-01-05 03:00:00,20.4126,OK,synthetic
TR-02-01,2026-01-05 04:00:00,24.3934,OK,synthetic
TR-02-01,2026-01-05 05:00:00,22.9524,OK,synthetic
TR-02-01,2026-01-05 06:00:00,43.3982,OK,synthetic
TR-02-01,2026-01-05 07:00:00,43.0418,OK,synthetic
TR-02-01,2026-01-05 08:00:00,40.0401,OK,synthetic
TR-02-01,2026-01-05 09:00:00,49.2492,OK,synthetic
TR-02-01,2026-01-05 10:00:00,42.5757,OK,synthetic
TR-02-01,2026-01-05 11:00:00,49.9927,OK,synthetic
TR-02-01,2026-01-05 12:00:00,47.8914,OK,synthetic
TR-02-01,2026-01-05 13:00:00,43.5888,OK,synthetic
TR-02-01,2026-01-05 14:00:00,44.598,OK,synthetic
TR-02-01,2026-01-05 15:00:00,49.1237,OK,synthetic
TR-02-01,2026-01-05 16:00:00,48.9733,OK,synthetic
TR-02-01,2026-01-05 17:00:00,49.2395,OK,synthetic
TR-02-01,2026-01-05 18:00:00,66.0303,OK,synthetic
TR-02-01,2026-01-05 19:00:00,64.6998,OK,synthetic
TR-02-01,2026-01-05 20:00:00,61.6736,OK,synthetic
TR-02-01,2026-01-05 21:00:00,67.1027,OK,synthetic
TR-02-01,2026-01-05 22:00:00,65.8574,OK,synthetic
TR-02-01,2026-01-05 23:00:00,39.4501,OK,synthetic
TR-02-01,2026-01-06 00:00:00,20.1053,OK,synthetic
TR-02-01,2026-01-06 01:00:00,20.5821,OK,synthetic
TR-02-01,2026-01-06 02:00:00,21.1683,OK,synthetic
TR-02-01,2026-01-06 03:00:00,21.7614,OK,synthetic
TR-02-01,2026-01-06 04:00:00,21.1415,OK,synthetic
TR-02-01,2026-01-06 05:00:00,20.0898,OK,synthetic
TR-02-01,2026-01-06 06:00:00,41.7303,OK,synthetic
TR-02-01,2026-01-06 07:00:00,37.7916,OK,synthetic
TR-02-01,2026-01-06 08:00:00,38.716,OK,synthetic
TR-02-01,2026-01-06 09:00:00,50.8403,OK,synthetic
TR-02-01,2026-01-06 10:00:00,45.3867,OK,synthetic
TR-02-01,2026-01-06 11:00:00,50.346,OK,synthetic
TR-02-01,2026-01-06 12:00:00,49.668,OK,synthetic
TR-02-01,2026-01-06 13:00:00,47.4864,OK,synthetic
TR-02-01,2026-01-06 14:00:00,48.3754,OK,synthetic
TR-02-01,2026-01-06 15:00:00,50.3193,OK,synthetic
TR-02-01,2026-01-06 16:00:00,44.5856,OK,synthetic
TR-02-01,2026-01-06 17:00:00,44.1017,OK,synthetic
TR-02-01,2026-01-06 18:00:00,68.0894,OK,synthetic
TR-02-01,2026-01-06 19:00:00,59.6302,OK,synthetic
TR-02-01,2026-01-06 20:00:00,63.4114,OK,synthetic
TR-02-01,2026-01-06 21:00:00,60.1724,OK,synthetic
TR-02-01,2026-01-06 22:00:00,62.3032,OK,synthetic
TR-02-01,2026-01-06 23:00:00,33.7128,OK,synthetic
TR-02-01,2026-01-07 00:00:00,21.6248,OK,synthetic
TR-02-01,2026-01-07 01:00:00,21.4852,OK,synthetic
TR-02-01,2026-01-07 02:00:00,23.0942,OK,synthetic
TR-02-01,2026-01-07 03:00:00,21.5464,OK,synthetic
TR-02-01,2026-01-07 04:00:00,20.0178,OK,synthetic
TR-02-01,2026-01-07 05:00:00,21.4051,OK,synthetic
TR-02-01,2026-01-07 06:00:00,42.7018,OK,synthetic
TR-02-01,2026-01-07 07:00:00,36.902,OK,synthetic
TR-02-01,2026-01-07 08:00:00,40.4634,OK,synthetic
TR-02-01,2026-01-07 09:00:00,54.5231,OK,synthetic
TR-02-01,2026-01-07 10:00:00,50.9879,OK,synthetic
TR-02-01,2026-01-07 11:00:00,43.5742,OK,synthetic
TR-02-01,2026-01-07 12:00:00,48.5539,OK,synthetic
TR-02-01,2026-01-07 13:00:00,44.037,OK,synthetic
TR-02-01,2026-01-07 14:00:00,47.2173,OK,synthetic
TR-02-01,2026-01-07 15:00:00,44.2355,OK,synthetic
TR-02-01,2026-01-07 16:00:00,47.4237,OK,synthetic
TR-02-01,2026-01-07 17:00:00,48.4916,OK,synthetic
TR-02-01,2026-01-07 18:00:00,61.1472,OK,synthetic
TR-02-01,2026-01-07 19:00:00,65.4232,OK,synthetic
TR-02-01,2026-01-07 20:00:00,65.3332,OK,synthetic
TR-02-01,2026-01-07 21:00:00,63.3198,OK,synthetic
TR-02-01,2026-01-07 22:00:00,64.1918,OK,synthetic
TR-02-01,2026-01-07 23:00:00,35.8016,OK,synthetic
TR-02-02,2026-01-01 00:00:00,25.8236,OK,synthetic
TR-02-02,2026-01-01 01:00:00,24.3617,OK,synthetic
TR-02-02,2026-01-01 02:00:00,23.2057,OK,synthetic
TR-02-02,2026-01-01 03:00:00,22.7648,OK,synthetic
TR-02-02,2026-01-01 04:00:00,24.0966,OK,synthetic
TR-02-02,2026-01-01 05:00:00,23.0773,OK,synthetic
TR-02-02,2026-01-01 06:00:00,42.5454,OK,synthetic
TR-02-02,2026-01-01 07:00:00,40.6137,OK,synthetic
TR-02-02,2026-01-01 08:00:00,48.0747,OK,synthetic
TR-02-02,2026-01-01 09:00:00,53.5425,OK,synthetic
TR-02-02,2026-01-01 10:00:00,50.9304,OK,synthetic
TR-02-02,2026-01-01 11:00:00,48.2448,OK,synthetic
TR-02-02,2026-01-01 12:00:00,50.5294,OK,synthetic
TR-02-02,2026-01-01 13:00:00,53.4613,OK,synthetic
TR-02-02,2026-01-01 14:00:00,54.1636,OK,synthetic
TR-02-02,2026-01-01 15:00:00,53.254,OK,synthetic
TR-02-02,2026-01-01 16:00:00,56.0119,OK,synthetic
TR-02-02,2026-01-01 17:00:00,49.3583,OK,synthetic
TR-02-02,2026-01-01 18:00:00,78.8608,OK,synthetic
TR-02-02,2026-01-01 19:00:00,73.6131,OK,synthetic
TR-02-02,2026-01-01 20:00:00,68.7946,OK,synthetic
TR-02-02,2026-01-01 21:00:00,72.2058,OK,synthetic
TR-02-02,2026-01-01 22:00:00,78.1999,OK,synthetic
TR-02-02,2026-01-01 23:00:00,38.6085,OK,synthetic
TR-02-02,2026-01-02 00:00:00,23.3393,OK,synthetic
TR-02-02,2026-01-02 01:00:00,24.9037,OK,synthetic
TR-02-02,2026-01-02 02:00:00,25.3541,OK,synthetic
TR-02-02,2026-01-02 03:00:00,22.8038,OK,synthetic
TR-02-02,2026-01-02 04:00:00,23.7871,OK,synthetic
TR-02-02,2026-01-02 05:00:00,24.1044,OK,synthetic
TR-02-02,2026-01-02 06:00:00,42.157,OK,synthetic
TR-02-02,2026-01-02 07:00:00,42.7881,OK,synthetic
TR-02-02,2026-01-02 08:00:00,47.3388,OK,synthetic
TR-02-02,2026-01-02 09:00:00,53.1377,OK,synthetic
TR-02-02,2026-01-02 10:00:00,49.5679,OK,synthetic
TR-02-02,2026-01-02 11:00:00,56.1415,OK,synthetic
TR-02-02,2026-01-02 12:00:00,51.026,OK,synthetic
TR-02-02,2026-01-02 13:00:00,51.8553,OK,synthetic
TR-02-02,2026-01-02 14:00:00,49.7702,OK,synthetic
TR-02-02,2026-01-02 15:00:00,53.1031,OK,synthetic
TR-02-02,2026-01-02 16:00:00,53.6955,OK,synthetic
TR-02-02,2026-01-02 17:00:00,50.4899,OK,synthetic
TR-02-02,2026-01-02 18:00:00,72.3426,OK,synthetic
TR-02-02,2026-01-02 19:00:00,76.6352,OK,synthetic
TR-02-02,2026-01-02 20:00:00,72.3466,OK,synthetic
TR-02-02,2026-01-02 21:00:00,77.3558,OK,synthetic
TR-02-02,2026-01-02 22:00:00,78.4843,OK,synthetic
TR-02-02,2026-01-02 23:00:00,43.506,OK,synthetic
TR-02-02,2026-01-03 00:00:00,22.4097,OK,synthetic
TR-02-02,2026-01-03 01:00:00,24.119,OK,synthetic
TR-02-02,2026-01-03 02:00:00,25.2693,OK,synthetic
TR-02-02,2026-01-03 03:00:00,22.679,OK,synthetic
TR-02-02,2026-01-03 04:00:00,21.23,OK,synthetic
TR-02-02,2026-01-03 05:00:00,22.4526,OK,synthetic
TR-02-02,2026-01-03 06:00:00,40.3964,OK,synthetic
TR-02-02,2026-01-03 07:00:00,41.7387,OK,synthetic
TR-02-02,2026-01-03 08:00:00,41.3053,OK,synthetic
TR-02-02,2026-01-03 09:00:00,53.0953,OK,synthetic
TR-02-02,2026-01-03 10:00:00,47.1302,OK,synthetic
TR-02-02,2026-01-03 11:00:00,49.3174,OK,synthetic
TR-02-02,2026-01-03 12:00:00,48.7275,OK,synthetic
TR-02-02,2026-01-03 13:00:00,49.6078,OK,synthetic
TR-02-02,2026-01-03 14:00:00,48.0096,OK,synthetic
TR-02-02,2026-01-03 15:00:00,49.1106,OK,synthetic
TR-02-02,2026-01-03 16:00:00,54.5254,OK,synthetic
TR-02-02,2026-01-03 17:00:00,49.6984,OK,synthetic
TR-02-02,2026-01-03 18:00:00,71.6583,OK,synthetic
TR-02-02,2026-01-03 19:00:00,58.8805,OK,synthetic
TR-02-02,2026-01-03 20:00:00,61.0034,OK,synthetic
TR-02-02,2026-01-03 21:00:00,65.7006,OK,synthetic
TR-02-02,2026-01-03 22:00:00,64.1003,OK,synthetic
TR-02-02,2026-01-03 23:00:00,36.2281,OK,synthetic
TR-02-02,2026-01-04 00:00:00,23.4435,OK,synthetic
TR-02-02,2026-01-04 01:00:00,20.3909,OK,synthetic
TR-02-02,2026-01-04 02:00:00,23.0106,OK,synthetic
TR-02-02,2026-01-04 03:00:00,23.2312,OK,synthetic
TR-02-02,2026-01-04 04:00:00,24.3366,OK,synthetic
TR-02-02,2026-01-04 05:00:00,22.6604,OK,synthetic
TR-02-02,2026-01-04 06:00:00,39.8926,OK,synthetic
TR-02-02,2026-01-04 07:00:00,40.3769,OK,synthetic
TR-02-02,2026-01-04 08:00:00,42.2501,OK,synthetic
TR-02-02,2026-01-04 09:00:00,50.7398,OK,synthetic
TR-02-02,2026-01-04 10:00:00,55.7246,OK,synthetic
TR-02-02,2026-01-04 11:00:00,48.9215,OK,synthetic
TR-02-02,2026-01-04 12:00:00,44.2611,OK,synthetic
TR-02-02,2026-01-04 13:00:00,55.2662,OK,synthetic
TR-02-02,2026-01-04 14:00:00,46.0917,OK,synthetic
TR-02-02,2026-01-04 15:00:00,50.528,OK,synthetic
TR-02-02,2026-01-04 16:00:00,54.5136,OK,synthetic
TR-02-02,2026-01-04 17:00:00,49.6944,OK,synthetic
TR-02-02,2026-01-04 18:00:00,66.0037,OK,synthetic
TR-02-02,2026-01-04 19:00:00,66.6559,OK,synthetic
TR-02-02,2026-01-04 20:00:00,69.8467,OK,synthetic
TR-02-02,2026-01-04 21:00:00,71.8122,OK,synthetic
TR-02-02,2026-01-04 22:00:00,70.4024,OK,synthetic
TR-02-02,2026-01-04 23:00:00,38.2779,OK,synthetic
TR-02-02,2026-01-05 00:00:00,26.1768,OK,synthetic
TR-02-02,2026-01-05 01:00:00,26.2753,OK,synthetic
TR-02-02,2026-01-05 02:00:00,23.7736,OK,synthetic
TR-02-02,2026-01-05 03:00:00,24.0425,OK,synthetic
TR-02-02,2026-01-05 04:00:00,23.5302,OK,synthetic
TR-02-02,2026-01-05 05:00:00,25.4186,OK,synthetic
TR-02-02,2026-01-05 06:00:00,45.4066,OK,synthetic
TR-02-02,2026-01-05 07:00:00,48.3285,OK,synthetic
TR-02-02,2026-01-05 08:00:00,44.0373,OK,synthetic
TR-02-02,2026-01-05 09:00:00,54.0263,OK,synthetic
TR-02-02,2026-01-05 10:00:00,52.2461,OK,synthetic
TR-02-02,2026-01-05 11:00:00,57.7612,OK,synthetic
TR-02-02,2026-01-05 12:00:00,59.2268,OK,synthetic
TR-02-02,2026-01-05 13:00:00,51.7712,OK,synthetic
TR-02-02,2026-01-05 14:00:00,54.6118,OK,synthetic
TR-02-02,2026-01-05 15:00:00,51.4989,OK,synthetic
TR-02-02,2026-01-05 16:00:00,49.0995,OK,synthetic
TR-02-02,2026-01-05 17:00:00,49.5264,OK,synthetic
TR-02-02,2026-01-05 18:00:00,67.0305,OK,synthetic
TR-02-02,2026-01-05 19:00:00,74.8128,OK,synthetic
TR-02-02,2026-01-05 20:00:00,69.3328,OK,synthetic
TR-02-02,2026-01-05 21:00:00,71.9355,OK,synthetic
TR-02-02,2026-01-05 22:00:00,71.4097,OK,synthetic
TR-02-02,2026-01-05 23:00:00,39.7501,OK,synthetic
TR-02-02,2026-01-06 00:00:00,21.4575,OK,synthetic
TR-02-02,2026-01-06 01:00:00,21.8458,OK,synthetic
TR-02-02,2026-01-06 02:00:00,23.9646,OK,synthetic
TR-02-02,2026-01-06 03:00:00,25.9677,OK,synthetic
TR-02-02,2026-01-06 04:00:00,22.6644,OK,synthetic
TR-02-02,2026-01-06 05:00:00,23.5413,OK,synthetic
TR-02-02,2026-01-06 06:00:00,47.9238,OK,synthetic
TR-02-02,2026-01-06 07:00:00,41.5093,OK,synthetic
TR-02-02,2026-01-06 08:00:00,41.1772,OK,synthetic
TR-02-02,2026-01-06 09:00:00,54.8016,OK,synthetic
TR-02-02,2026-01-06 10:00:00,51.531,OK,synthetic
TR-02-02,2026-01-06 11:00:00,50.4655,OK,synthetic
TR-02-02,2026-01-06 12:00:00,47.6955,OK,synthetic
TR-02-02,2026-01-06 13:00:00,46.8649,OK,synthetic
TR-02-02,2026-01-06 14:00:00,56.6132,OK,synthetic
TR-02-02,2026-01-06 15:00:00,51.0208,OK,synthetic
TR-02-02,2026-01-06 16:00:00,58.9799,OK,synthetic
TR-02-02,2026-01-06 17:00:00,50.1935,OK,synthetic
TR-02-02,2026-01-06 18:00:00,75.2761,OK,synthetic
TR-02-02,2026-01-06 19:00:00,75.6097,OK,synthetic
TR-02-02,2026-01-06 20:00:00,79.2941,OK,synthetic
TR-02-02,2026-01-06 21:00:00,69.669,OK,synthetic
TR-02-02,2026-01-06 22:00:00,68.9424,OK,synthetic
TR-02-02,2026-01-06 23:00:00,39.9395,OK,synthetic
TR-02-02,2026-01-07 00:00:00,24.4074,OK,synthetic
TR-02-02,2026-01-07 01:00:00,21.1367,OK,synthetic
TR-02-02,2026-01-07 02:00:00,23.6114,OK,synthetic
TR-02-02,2026-01-07 03:00:00,26.1379,OK,synthetic
TR-02-02,2026-01-07 04:00:00,23.7082,OK,synthetic
TR-02-02,2026-01-07 05:00:00,24.2837,OK,synthetic
TR-02-02,2026-01-07 06:00:00,48.0721,OK,synthetic
TR-02-02,2026-01-07 07:00:00,43.8982,OK,synthetic
TR-02-02,2026-01-07 08:00:00,46.9358,OK,synthetic
TR-02-02,2026-01-07 09:00:00,47.4763,OK,synthetic
TR-02-02,2026-01-07 10:00:00,55.1901,OK,synthetic
TR-02-02,2026-01-07 11:00:00,52.7031,OK,synthetic
TR-02-02,2026-01-07 12:00:00,53.7094,OK,synthetic
TR-02-02,2026-01-07 13:00:00,55.2458,OK,synthetic
TR-02-02,2026-01-07 14:00:00,54.3717,OK,synthetic
TR-02-02,2026-01-07 15:00:00,50.704,OK,synthetic
TR-02-02,2026-01-07 16:00:00,51.0428,OK,synthetic
TR-02-02,2026-01-07 17:00:00,52.5615,OK,synthetic
TR-02-02,2026-01-07 18:00:00,68.9392,OK,synthetic
TR-02-02,2026-01-07 19:00:00,72.7461,OK,synthetic
TR-02-02,2026-01-07 20:00:00,70.2312,OK,synthetic
TR-02-02,2026-01-07 21:00:00,74.8637,OK,synthetic
TR-02-02,2026-01-07 22:00:00,67.8774,OK,synthetic
TR-02-02,2026-01-07 23:00:00,39.0947,OK,synthetic
TR-02-03,2026-01-01 00:00:00,38.692,OK,synthetic
TR-02-03,2026-01-01 01:00:00,37.6933,OK,synthetic
TR-02-03,2026-01-01 02:00:00,35.0381,OK,synthetic
TR-02-03,2026-01-01 03:00:00,33.3888,OK,synthetic
TR-02-03,2026-01-01 04:00:00,36.3915,OK,synthetic
TR-02-03,2026-01-01 05:00:00,38.6297,OK,synthetic
TR-02-03,2026-01-01 06:00:00,64.7544,OK,synthetic
TR-02-03,2026-01-01 07:00:00,63.2039,OK,synthetic
TR-02-03,2026-01-01 08:00:00,65.0058,OK,synthetic
TR-02-03,2026-01-01 09:00:00,74.5893,OK,synthetic
TR-02-03,2026-01-01 10:00:00,79.1693,OK,synthetic
TR-02-03,2026-01-01 11:00:00,78.3634,OK,synthetic
TR-02-03,2026-01-01 12:00:00,86.2601,OK,synthetic
TR-02-03,2026-01-01 13:00:00,71.0651,OK,synthetic
TR-02-03,2026-01-01 14:00:00,76.4155,OK,synthetic
TR-02-03,2026-01-01 15:00:00,88.9506,OK,synthetic
TR-02-03,2026-01-01 16:00:00,82.4737,OK,synthetic
TR-02-03,2026-01-01 17:00:00,75.4293,OK,synthetic
TR-02-03,2026-01-01 18:00:00,115.7851,OK,synthetic
TR-02-03,2026-01-01 19:00:00,111.5545,OK,synthetic
TR-02-03,2026-01-01 20:00:00,110.4183,OK,synthetic
TR-02-03,2026-01-01 21:00:00,112.4893,OK,synthetic
TR-02-03,2026-01-01 22:00:00,106.0858,OK,synthetic
TR-02-03,2026-01-01 23:00:00,61.1579,OK,synthetic
TR-02-03,2026-01-02 00:00:00,41.6572,OK,synthetic
TR-02-03,2026-01-02 01:00:00,40.1539,OK,synthetic
TR-02-03,2026-01-02 02:00:00,36.8365,OK,synthetic
TR-02-03,2026-01-02 03:00:00,33.357,OK,synthetic
TR-02-03,2026-01-02 04:00:00,38.7577,OK,synthetic
TR-02-03,2026-01-02 05:00:00,33.1526,OK,synthetic
TR-02-03,2026-01-02 06:00:00,64.5124,OK,synthetic
TR-02-03,2026-01-02 07:00:00,63.7215,OK,synthetic
TR-02-03,2026-01-02 08:00:00,67.4398,OK,synthetic
TR-02-03,2026-01-02 09:00:00,78.6876,OK,synthetic
TR-02-03,2026-01-02 10:00:00,86.262,OK,synthetic
TR-02-03,2026-01-02 11:00:00,79.5721,OK,synthetic
TR-02-03,2026-01-02 12:00:00,87.011,OK,synthetic
TR-02-03,2026-01-02 13:00:00,78.8017,OK,synthetic
TR-02-03,2026-01-02 14:00:00,83.3191,OK,synthetic
TR-02-03,2026-01-02 15:00:00,79.0732,OK,synthetic
TR-02-03,2026-01-02 16:00:00,82.2065,OK,synthetic
TR-02-03,2026-01-02 17:00:00,84.0099,OK,synthetic
TR-02-03,2026-01-02 18:00:00,119.681,OK,synthetic
TR-02-03,2026-01-02 19:00:00,118.2764,OK,synthetic
TR-02-03,2026-01-02 20:00:00,101.4622,OK,synthetic
TR-02-03,2026-01-02 21:00:00,118.4724,OK,synthetic
TR-02-03,2026-01-02 22:00:00,107.8598,OK,synthetic
TR-02-03,2026-01-02 23:00:00,62.8536,OK,synthetic
TR-02-03,2026-01-03 00:00:00,28.9695,OK,synthetic
TR-02-03,2026-01-03 01:00:00,34.7067,OK,synthetic
TR-02-03,2026-01-03 02:00:00,32.5829,OK,synthetic
TR-02-03,2026-01-03 03:00:00,35.5264,OK,synthetic
TR-02-03,2026-01-03 04:00:00,33.0656,OK,synthetic
TR-02-03,2026-01-03 05:00:00,31.1996,OK,synthetic
TR-02-03,2026-01-03 06:00:00,73.0178,OK,synthetic
TR-02-03,2026-01-03 07:00:00,55.9681,OK,synthetic
TR-02-03,2026-01-03 08:00:00,60.5429,OK,synthetic
TR-02-03,2026-01-03 09:00:00,74.6103,OK,synthetic
TR-02-03,2026-01-03 10:00:00,73.3393,OK,synthetic
TR-02-03,2026-01-03 11:00:00,73.1191,OK,synthetic
TR-02-03,2026-01-03 12:00:00,72.0859,OK,synthetic
TR-02-03,2026-01-03 13:00:00,72.0956,OK,synthetic
TR-02-03,2026-01-03 14:00:00,69.877,OK,synthetic
TR-02-03,2026-01-03 15:00:00,72.6649,OK,synthetic
TR-02-03,2026-01-03 16:00:00,75.9364,OK,synthetic
TR-02-03,2026-01-03 17:00:00,71.6936,OK,synthetic
TR-02-03,2026-01-03 18:00:00,101.121,OK,synthetic
TR-02-03,2026-01-03 19:00:00,95.246,OK,synthetic
TR-02-03,2026-01-03 20:00:00,95.6517,OK,synthetic
TR-02-03,2026-01-03 21:00:00,96.8314,OK,synthetic
TR-02-03,2026-01-03 22:00:00,99.9895,OK,synthetic
TR-02-03,2026-01-03 23:00:00,59.9096,OK,synthetic
TR-02-03,2026-01-04 00:00:00,34.5655,OK,synthetic
TR-02-03,2026-01-04 01:00:00,32.5782,OK,synthetic
TR-02-03,2026-01-04 02:00:00,35.3972,OK,synthetic
TR-02-03,2026-01-04 03:00:00,31.9939,OK,synthetic
TR-02-03,2026-01-04 04:00:00,35.3554,OK,synthetic
TR-02-03,2026-01-04 05:00:00,32.8441,OK,synthetic
TR-02-03,2026-01-04 06:00:00,66.8563,OK,synthetic
TR-02-03,2026-01-04 07:00:00,64.2316,OK,synthetic
TR-02-03,2026-01-04 08:00:00,61.5964,OK,synthetic
TR-02-03,2026-01-04 09:00:00,75.4165,OK,synthetic
TR-02-03,2026-01-04 10:00:00,82.5918,OK,synthetic
TR-02-03,2026-01-04 11:00:00,74.2993,OK,synthetic
TR-02-03,2026-01-04 12:00:00,82.2303,OK,synthetic
TR-02-03,2026-01-04 13:00:00,75.8144,OK,synthetic
TR-02-03,2026-01-04 14:00:00,80.4787,OK,synthetic
TR-02-03,2026-01-04 15:00:00,68.1275,OK,synthetic
TR-02-03,2026-01-04 16:00:00,70.0552,OK,synthetic
TR-02-03,2026-01-04 17:00:00,72.6636,OK,synthetic
TR-02-03,2026-01-04 18:00:00,100.9773,OK,synthetic
TR-02-03,2026-01-04 19:00:00,100.6265,OK,synthetic
TR-02-03,2026-01-04 20:00:00,110.5426,OK,synthetic
TR-02-03,2026-01-04 21:00:00,100.8525,OK,synthetic
TR-02-03,2026-01-04 22:00:00,105.2526,OK,synthetic
TR-02-03,2026-01-04 23:00:00,56.6908,OK,synthetic
TR-02-03,2026-01-05 00:00:00,36.4126,OK,synthetic
TR-02-03,2026-01-05 01:00:00,38.5453,OK,synthetic
TR-02-03,2026-01-05 02:00:00,35.9184,OK,synthetic
TR-02-03,2026-01-05 03:00:00,36.73,OK,synthetic
TR-02-03,2026-01-05 04:00:00,38.6039,OK,synthetic
TR-02-03,2026-01-05 05:00:00,35.2506,OK,synthetic
TR-02-03,2026-01-05 06:00:00,69.1867,OK,synthetic
TR-02-03,2026-01-05 07:00:00,64.2923,OK,synthetic
TR-02-03,2026-01-05 08:00:00,64.8141,OK,synthetic
TR-02-03,2026-01-05 09:00:00,87.3619,OK,synthetic
TR-02-03,2026-01-05 10:00:00,77.5063,OK,synthetic
TR-02-03,2026-01-05 11:00:00,83.6815,OK,synthetic
TR-02-03,2026-01-05 12:00:00,85.7036,OK,synthetic
TR-02-03,2026-01-05 13:00:00,79.4237,OK,synthetic
TR-02-03,2026-01-05 14:00:00,81.8768,OK,synthetic
TR-02-03,2026-01-05 15:00:00,76.9592,OK,synthetic
TR-02-03,2026-01-05 16:00:00,77.3819,OK,synthetic
TR-02-03,2026-01-05 17:00:00,86.9966,OK,synthetic
TR-02-03,2026-01-05 18:00:00,120.1214,OK,synthetic
TR-02-03,2026-01-05 19:00:00,103.8737,OK,synthetic
TR-02-03,2026-01-05 20:00:00,112.7792,OK,synthetic
TR-02-03,2026-01-05 21:00:00,110.46,OK,synthetic
TR-02-03,2026-01-05 22:00:00,102.9193,OK,synthetic
TR-02-03,2026-01-05 23:00:00,63.927,OK,synthetic
TR-02-03,2026-01-06 00:00:00,37.9324,OK,synthetic
TR-02-03,2026-01-06 01:00:00,39.1184,OK,synthetic
TR-02-03,2026-01-06 02:00:00,34.1603,OK,synthetic
TR-02-03,2026-01-06 03:00:00,34.7702,OK,synthetic
TR-02-03,2026-01-06 04:00:00,37.6108,OK,synthetic
TR-02-03,2026-01-06 05:00:00,38.1848,OK,synthetic
TR-02-03,2026-01-06 06:00:00,73.3575,OK,synthetic
TR-02-03,2026-01-06 07:00:00,77.3547,OK,synthetic
TR-02-03,2026-01-06 08:00:00,72.6172,OK,synthetic
TR-02-03,2026-01-06 09:00:00,86.8354,OK,synthetic
TR-02-03,2026-01-06 10:00:00,75.0303,OK,synthetic
TR-02-03,2026-01-06 11:00:00,80.1576,OK,synthetic
TR-02-03,2026-01-06 12:00:00,87.608,OK,synthetic
TR-02-03,2026-01-06 13:00:00,89.3578,OK,synthetic
TR-02-03,2026-01-06 14:00:00,84.0051,OK,synthetic
TR-02-03,2026-01-06 15:00:00,79.8562,OK,synthetic
TR-02-03,2026-01-06 16:00:00,73.5367,OK,synthetic
TR-02-03,2026-01-06 17:00:00,76.9922,OK,synthetic
TR-02-03,2026-01-06 18:00:00,111.4622,OK,synthetic
TR-02-03,2026-01-06 19:00:00,106.1698,OK,synthetic
TR-02-03,2026-01-06 20:00:00,115.767,OK,synthetic
TR-02-03,2026-01-06 21:00:00,115.8094,OK,synthetic
TR-02-03,2026-01-06 22:00:00,106.5717,OK,synthetic
TR-02-03,2026-01-06 23:00:00,54.3168,OK,synthetic
TR-02-03,2026-01-07 00:00:00,33.877,OK,synthetic
TR-02-03,2026-01-07 01:00:00,36.0789,OK,synthetic
TR-02-03,2026-01-07 02:00:00,34.6932,OK,synthetic
TR-02-03,2026-01-07 03:00:00,38.8077,OK,synthetic
TR-02-03,2026-01-07 04:00:00,34.2849,OK,synthetic
TR-02-03,2026-01-07 05:00:00,34.2832,OK,synthetic
TR-02-03,2026-01-07 06:00:00,67.3813,OK,synthetic
TR-02-03,2026-01-07 07:00:00,71.716,OK,synthetic
TR-02-03,2026-01-07 08:00:00,67.3339,OK,synthetic
TR-02-03,2026-01-07 09:00:00,78.8906,OK,synthetic
TR-02-03,2026-01-07 10:00:00,75.733,OK,synthetic
TR-02-03,2026-01-07 11:00:00,74.5765,OK,synthetic
TR-02-03,2026-01-07 12:00:00,87.7379,OK,synthetic
TR-02-03,2026-01-07 13:00:00,75.2481,OK,synthetic
TR-02-03,2026-01-07 14:00:00,83.3794,OK,synthetic
TR-02-03,2026-01-07 15:00:00,76.3195,OK,synthetic
TR-02-03,2026-01-07 16:00:00,79.8799,OK,synthetic
TR-02-03,2026-01-07 17:00:00,76.9612,OK,synthetic
TR-02-03,2026-01-07 18:00:00,113.4311,OK,synthetic
TR-02-03,2026-01-07 19:00:00,108.3876,OK,synthetic
TR-02-03,2026-01-07 20:00:00,101.0289,OK,synthetic
TR-02-03,2026-01-07 21:00:00,97.9682,OK,synthetic
TR-02-03,2026-01-07 22:00:00,107.853,OK,synthetic
TR-02-03,2026-01-07 23:00:00,57.2382,OK,synthetic
